design,scenario,M_flow,CV_flow,M_thermal,RMS_target_error,max_abs_target_error,zero_load_flow_fraction,T_out_max_C,T_out_min_C,outlet_spread_K,rack_dp_Pa,system_dp_Pa,rack_flow_LPM,heat_W,T_return_C,rack_deltaT_K,pump_hydraulic_W,pump_electrical_W,header_volume_m3,min_header_ID_m,max_header_ID_m,max_header_velocity_m_s,resolved_fluid_volume_m3,minimum_normalized_margin,feasible,error,failed_constraints
baseline,full,0.5364589663859313,0.24451111320721097,1.057289007175159,0.7349159697275627,1.265297422941159,0.0,55.96999582540781,46.06506379464389,9.904932030763916,79833.85472782559,79833.85472782559,120.0,115560.0,53.72642027106809,13.726420271068093,159.66770945565116,266.11284909275196,0.004082813812605295,0.038,0.038,1.7754359387857443,0.005694450843896859,0.0,True,,
baseline,compute75,0.5358913309515162,0.24428590302899447,0.7361278032635531,0.4413481634259359,0.7544743461342103,0.0,51.983884851883204,46.06226741532072,5.921617436562485,79898.23809520513,79898.23809520513,120.0,89460.0,50.63020401886632,10.630204018866323,159.79647619041026,266.32746031735047,0.004082813812605295,0.038,0.038,1.7727271502646487,0.005694450843896859,0.0,True,,
baseline,compute50,0.5353141109691427,0.244055593787654,0.287869975778695,0.1446063934273893,0.24319284596199636,0.0,47.9935530134851,46.05940575886984,1.9341472546152545,79964.49267236298,79964.49267236298,120.0,63360.0,47.531665179423385,7.531665179423385,159.92898534472596,266.5483089078766,0.004082813812605295,0.038,0.038,1.7700245920831876,0.005694450843896859,0.0,True,,
baseline,nonuniform,0.5352136274288413,0.24426446587521836,0.8681724524657505,0.5145394598237789,0.7545417574669323,0.0,55.962030614650985,46.0620346677573,9.899995946893682,79906.8844090619,79906.8844090619,120.0,89460.0,50.63020401886632,10.630204018866323,159.8137688181238,266.35628136353967,0.004082813812605295,0.038,0.038,1.7727271502646484,0.005694450843896859,0.0,True,,
baseline,switch_heavy,0.5363130080800249,0.24443923982483265,0.8541848727792627,0.5391546679691223,0.9245113241029806,0.0,55.97074570069458,47.27586498565273,8.694880715041847,79828.04516309586,79828.04516309586,120.0,117792.0,53.9910925086881,13.991092508688098,159.6560903261917,266.09348387698617,0.004082813812605295,0.038,0.038,1.775667876859132,0.005694450843896859,0.0,True,,
baseline,near_zero,0.5339017226162072,0.24445218421859602,26.999809145059988,928112.2319394156,4822612.622534373,0.0,55.96820279933587,40.00000270791014,15.968200091425729,79851.12262463635,79851.12262463635,120.0,109760.001,53.038572783666496,13.038572783666496,159.7022452492727,266.17040874878785,0.004082813812605295,0.038,0.038,1.7748334462404307,0.005694450843896859,0.0,True,,
baseline,blocked,0.5431485050183488,0.25129996369591495,1.3146875763414254,0.7607193133215755,1.3051195196341532,0.0,65.23815008256872,45.9603624528832,19.27778762968552,82585.54588201153,82585.54588201153,120.0,115560.0,53.72642027106809,13.726420271068093,165.17109176402306,275.2851529400385,0.004082813812605295,0.038,0.038,1.7754359387857443,0.005694450843896859,-0.01190750412843613,False,,"branch_outlet, minimum_thermal_flow"
baseline,degraded_qdc,0.5362182582098495,0.24318629496414468,1.1131746078925424,0.7409723491575737,1.2754651794763316,0.0,57.320080805133216,46.037982312292,11.282098492841214,80531.99461387802,80531.99461387802,120.0,115560.0,53.72642027106804,13.726420271068037,161.06398922775605,268.4399820462601,0.004082813812605295,0.038,0.038,1.7754359387857443,0.005694450843896859,0.0,True,,
baseline,double_resistance,0.5385921136015336,0.24397749881630063,1.1824650274347273,0.7473932071723509,1.285623075670605,0.0,59.40554382252765,46.011167514910994,13.394376307616653,81232.50345767247,81232.50345767247,120.0,115560.0,53.72642027106804,13.726420271068037,162.46500691534496,270.77501152557494,0.004082813812605295,0.038,0.038,1.7754359387857443,0.005694450843896859,0.0,True,,
baseline,compute_removed,0.53758680348499,0.24805294707677178,1.0436615876924702,0.740853005234977,1.2508475596054938,0.0,55.267268355413194,45.79782578203941,9.469442573373783,86899.00177128645,86899.00177128645,120.0,109760.0,53.03857266506219,13.03857266506219,173.7980035425729,289.6633392376215,0.004082813812605294,0.038,0.038,1.7748334461365802,0.0056190526202107025,0.0,True,,
baseline,switch_removed,0.5279992373004875,0.23618662863247417,1.0854029327570536,0.72289761061363,1.2957578118103033,0.0,55.57603534807748,45.92047880863663,9.655556539440852,83597.36935114439,83597.36935114439,120.0,114320.0,53.57937281631848,13.579372816318482,167.1947387022888,278.65789783714797,0.004082813812605294,0.038,0.038,1.7753071040648742,0.00566617651001455,0.0,True,,
baseline,pump_reduced,0.5368983099540787,0.244599621412469,1.057234820918514,0.7346744459862979,1.2650044480469247,0.0,57.647931572396146,46.703191951320264,10.944739621075882,65556.14384636488,65556.14384636488,108.58192284705244,115560.0,55.16719274315216,15.167192743152157,118.63686922127106,197.7281153687851,0.004082813812605295,0.038,0.038,1.607645176388316,0.005694450843896859,-0.050191965255279226,False,,HX_capacity
baseline,pump_unavailable,0.538140072305371,0.24482945086907762,1.0572030771358207,0.7340533920511829,1.2643078676392976,0.0,61.764798728177766,48.26854061075721,13.496258117420552,43380.0649562142,43380.0649562142,88.03623807280745,115560.0,58.69887592400539,18.698875924005392,63.650295434985416,106.0838257249757,0.004082813812605295,0.038,0.038,1.3057267489894953,0.005694450843896859,-0.22140600504065405,False,,HX_capacity
baseline,warm_coolant,0.5363274930100649,0.24447859183942286,1.0573474120519994,0.7350063639385905,1.265424606723299,0.0,60.98970671655178,51.072255217129566,9.917451499422214,79201.49900098793,79201.49900098793,120.0,115560.0,58.74346650918693,13.74346650918693,158.40299800197585,264.0049966699598,0.004082813812605295,0.038,0.038,1.7754804634789108,0.005694450843896859,0.0,True,,
baseline,warm_facility,0.5364589663859313,0.24451111320721097,1.057289007175159,0.7349159697275627,1.265297422941159,0.0,55.96999582540781,46.06506379464389,9.904932030763916,79833.85472782559,79833.85472782559,120.0,115560.0,53.72642027106809,13.726420271068093,159.66770945565116,266.11284909275196,0.004082813812605295,0.038,0.038,1.7754359387857443,0.005694450843896859,-1.25,False,,"HX_capacity, HX_approach"
baseline,nominal102,0.5362799034773151,0.24444844814286024,1.057431821248886,0.7350924675811715,1.265575137808739,0.0,54.09918034358856,45.35318517695032,8.745995166638238,79867.28027650282,79867.28027650282,120.0,101999.99999999999,52.1181009259646,12.118100925964598,159.73456055300565,266.22426758834274,0.004082813812605295,0.038,0.038,1.7740278351049303,0.005694450843896859,0.0,True,,
baseline,OEM115,0.5364516036341218,0.2445085434308952,1.0572948461072833,0.7349232065450952,1.265308800441324,0.0,55.89275119726108,46.03566389780423,9.85708729945685,79835.22664517262,79835.22664517262,120.0,115000.0,53.66001239086131,13.660012390861311,159.67045329034525,266.1174221505754,0.004082813812605295,0.038,0.038,1.7753777536155069,0.005694450843896859,0.0,True,,
C,full,1.079668813879105,0.5022655335269879,0.015423452627669748,0.004416969139038677,0.010126220903923084,0.0,53.799401136422375,53.58904308881125,0.2103580476111233,105092.4025634684,105092.4025634684,120.0,115560.0,53.72642027106804,13.726420271068037,210.1848051269368,350.3080085448947,0.004082813812605295,0.038,0.038,1.7754359387857443,0.005694450843896859,0.0,True,,
C,compute75,1.0794008765847194,0.5021720765293392,0.28473897538750925,0.1328607931625608,0.22689707552612354,0.0,53.74486143752091,50.19695219064903,3.547909246871882,105176.36852688757,105176.36852688757,120.0,89460.0,50.63020401886632,10.630204018866323,210.35273705377514,350.58789508962525,0.004082813812605295,0.038,0.038,1.7727271502646484,0.005694450843896859,0.0,True,,
C,compute50,1.0791301051036244,0.5020768207738001,0.6123680669755496,0.27217309660350036,0.4521872556369209,0.0,53.738273943714034,46.8014220827647,6.936851860949332,105262.35676882838,105262.35676882838,120.0,63360.0,47.531665179423385,7.531665179423385,210.52471353765677,350.8745225627613,0.004082813812605295,0.038,0.038,1.7700245920831876,0.005694450843896859,0.0,True,,
C,nonuniform,1.0787511537406966,0.5021644683760786,0.7670345008272426,0.3703182882115962,0.5630699853871374,0.0,53.792868796538926,46.80400501767582,6.988863778863106,105185.06215897138,105185.06215897138,120.0,89460.0,50.63020401886632,10.630204018866323,210.37012431794278,350.61687386323797,0.004082813812605295,0.038,0.038,1.7727271502646487,0.005694450843896859,0.0,True,,
C,switch_heavy,1.0798083924215698,0.5023293697935551,0.189117407849432,0.08858774128746981,0.1523773071808517,0.0,56.5012558279559,53.58855409987433,2.912701728081572,105099.89223439268,105099.89223439268,120.0,117792.0,53.9910925086881,13.991092508688098,210.19978446878537,350.3329741146423,0.004082813812605295,0.038,0.038,1.7756678768591314,0.005694450843896859,0.0,True,,
C,near_zero,1.0775339637790722,0.5022415536969435,26.9998753789154,1068793.4857377997,5553613.860289527,0.0,53.79793378164885,40.0000023514782,13.79793143017065,105114.06324180783,105114.06324180783,120.0,109760.001,53.038572783666496,13.038572783666496,210.22812648361565,350.3802108060261,0.004082813812605295,0.038,0.038,1.774833446240431,0.005694450843896859,0.0,True,,
C,blocked,1.0994146363924302,0.5080617116404945,0.40064576845593874,0.07462657036034183,0.3737931183413332,0.0,61.898263769601556,53.340814829245005,8.55744894035655,109311.56505947583,109311.56505947583,120.0,115560.0,53.72642027106804,13.726420271068037,218.62313011895168,364.37188353158615,0.004082813812605295,0.038,0.038,1.7754359387857443,0.005694450843896859,0.0,True,,
C,degraded_qdc,1.0830291936112557,0.5017633002573765,0.10136185833547308,0.01797875374327255,0.08780708369767488,0.0,55.04531221773533,53.54132587140549,1.5039863463298389,106160.74189634381,106160.74189634381,120.0,115560.0,53.72642027106809,13.726420271068093,212.32148379268762,353.8691396544794,0.004082813812605295,0.038,0.038,1.7754359387857443,0.005694450843896859,0.0,True,,
C,double_resistance,1.0886378513110604,0.5026231496813398,0.20407329844776173,0.0372555412194293,0.1857051175431315,0.0,56.85043969815575,53.47201390536475,3.378425792791006,107234.11754091916,107234.11754091916,120.0,115560.0,53.72642027106804,13.726420271068037,214.46823508183834,357.44705846973056,0.004082813812605295,0.038,0.038,1.7754359387857443,0.005694450843896859,0.0,True,,
C,compute_removed,1.0932557886913503,0.5139866589093499,0.013658990418530822,0.00398350924182824,0.009050287014192178,0.0,53.098829470407,52.92181103505965,0.17701843534734962,116117.44713993536,116117.44713993536,120.0,109760.0,53.03857266506225,13.038572665062247,232.23489427987073,387.0581571331179,0.004082813812605294,0.038,0.038,1.7748334461365798,0.0056190526202107025,-0.009716931651611863,False,,"CDU_external_head, pump_curve"
C,switch_removed,1.0504661954829113,0.47871602634172766,0.014785029152047362,0.004271716837097501,0.009764294200624826,0.0,53.64777509701349,53.44827559081665,0.19949950619684387,107259.86040447628,107259.86040447628,120.0,114320.0,53.57937281631848,13.579372816318482,214.51972080895257,357.53286801492095,0.004082813812605294,0.038,0.038,1.7753071040648738,0.00566617651001455,0.0,True,,
C,pump_reduced,1.0787099020578437,0.5016047088491907,0.015993890974337198,0.004976824775222176,0.010090278684701125,0.0,56.73827994993684,56.473542723099,0.2647372268378376,71798.43385988874,71798.43385988874,98.95706728110466,115560.0,56.63943104215707,16.63943104215707,118.41604083584923,197.36006805974873,0.004082813812605295,0.038,0.038,1.4662072955242387,0.005694450843896859,-0.13039909497151067,False,,HX_capacity
C,pump_unavailable,1.0781484553897813,0.5009797730010891,0.017013887651354084,0.006147525387806297,0.010297657015505795,0.0,60.649217492690354,60.30174754040655,0.3474699522838023,47478.05884577776,47478.05884577776,80.24351169678336,115560.0,60.51029016304756,20.510290163047557,63.49676950552895,105.82794917588159,0.004082813812605295,0.038,0.038,1.1912149199333546,0.005694450843896859,-0.2863453915075216,False,,HX_capacity
C,warm_coolant,1.0803919206638848,0.5026305227926408,0.01536831476142318,0.004512227678843724,0.010276782721713281,0.0,58.81358660598954,58.603894369515274,0.20969223647426816,104318.40510775632,104318.40510775632,120.0,115560.0,58.74346650918699,13.743466509186987,208.63681021551264,347.7280170258544,0.004082813812605295,0.038,0.038,1.7754804634789108,0.005694450843896859,0.0,True,,
C,warm_facility,1.079668813879105,0.5022655335269879,0.015423452627669748,0.004416969139038677,0.010126220903923084,0.0,53.799401136422375,53.58904308881125,0.2103580476111233,105092.4025634684,105092.4025634684,120.0,115560.0,53.72642027106804,13.726420271068037,210.1848051269368,350.3080085448947,0.004082813812605295,0.038,0.038,1.7754359387857443,0.005694450843896859,-1.25,False,,"HX_capacity, HX_approach"
C,nominal102,1.07946541011275,0.5021862672233155,0.015368278253415888,0.004409232544707512,0.0100603083219447,0.0,52.18269354883398,51.997578574086674,0.18511497474730731,105127.3665383589,105127.3665383589,120.0,101999.99999999999,52.1181009259646,12.118100925964598,210.2547330767178,350.424555127863,0.004082813812605295,0.038,0.038,1.7740278351049308,0.005694450843896859,0.0,True,,
C,OEM115,1.0796603689047233,0.5022622411792721,0.015421167921852517,0.004416420252791752,0.010123485541885514,0.0,53.732647866493835,53.52333530909374,0.20931255740009647,105093.8349232597,105093.8349232597,120.0,115000.0,53.66001239086131,13.660012390861311,210.18766984651938,350.31278307753234,0.004082813812605295,0.038,0.038,1.7753777536155073,0.005694450843896859,0.0,True,,
D116,full,1.0846314220584137,0.5022002838129656,0.021276779902688694,0.006206876799744905,0.013695501534761855,0.0,54.3072568241663,54.007423002961275,0.2998338212050271,107046.34878961845,107046.34878961845,116.0,115560.0,54.19893224298369,14.198932242983688,206.9562743265957,344.9271238776595,0.003842939613395669,0.035260164829076075,0.038488037593577065,1.6785844423461516,0.0054545766446872325,0.0,True,,
D116,compute75,1.0843627568460081,0.5021093398055743,0.2889676933745818,0.1327215451941537,0.2272427041417616,0.0,54.22435543127892,50.51105861514293,3.713296816135994,107127.36537538885,107127.36537538885,116.0,89460.0,50.99627488620865,10.996274886208653,207.11290639241844,345.18817732069743,0.003842939613395669,0.035260164829076075,0.038488037593577065,1.675934900235062,0.0054545766446872325,0.0,True,,
D116,compute50,1.0840913174695959,0.5020165869692236,0.6168862507240196,0.272062735399901,0.4524388664662023,0.0,54.217712243730546,47.011040907039785,7.206671336690761,107210.44096073751,107210.44096073751,116.0,63360.0,47.79113266265426,7.791132662654263,207.2735191907592,345.455865317932,0.003842939613395669,0.035260164829076075,0.038488037593577065,1.6744429971213253,0.0054545766446872325,0.0,True,,
D116,nonuniform,1.0837416481922404,0.5020997522630548,0.7736752503727037,0.3721401343630204,0.5686233829142548,0.0,54.300702785116755,47.01352884200179,7.287173943114965,107136.80588032375,107136.80588032375,116.0,89460.0,50.99627488620865,10.996274886208653,207.1311580352926,345.21859672548766,0.003842939613395669,0.035260164829076075,0.038488037593577065,1.6759349002350616,0.0054545766446872325,0.0,True,,
D116,switch_heavy,1.0847589745294444,0.5022583103067654,0.1932299416438388,0.08844373221063895,0.15272148946511235,0.0,57.076010247660065,54.00695827600862,3.0690519716514473,107053.40537752706,107053.40537752706,116.0,117792.0,54.4726995159366,14.472699515936597,206.969917063219,344.9498617720317,0.003842939613395669,0.035260164829076075,0.038488037593577065,1.6788113173357375,0.0054545766446872325,-0.006820936639118418,False,,HX_capacity
D116,near_zero,1.081972601838122,0.5021760631357405,26.999875838634278,1072649.8360572988,5573652.044344999,0.0,54.30578714401605,40.000002423818216,14.305784720197835,107067.69523567987,107067.69523567987,116.0,109760.001,53.4874451765362,13.487445176536198,206.99754412231442,344.99590687052404,0.003842939613395669,0.035260164829076075,0.038488037593577065,1.6779951091501522,0.0054545766446872325,0.0,True,,
D116,blocked,1.1030248501726971,0.507221026758028,0.38546774377326587,0.07126983239557794,0.35609391042152116,0.0,62.03034509145863,53.76773612852827,8.262608962930358,111192.87722978277,111192.87722978277,116.0,115560.0,54.19893224298369,14.198932242983688,214.97289597758,358.28815996263336,0.003842939613395669,0.035260164829076075,0.038488037593577065,1.6785844423461518,0.0054545766446872325,0.0,True,,
D116,degraded_qdc,1.0870318532168948,0.5016399985317933,0.09429034840667995,0.016602788181056354,0.07793755686360426,0.0,55.39686596444972,53.96905935382284,1.4278066106268739,108066.48370697197,108066.48370697197,116.0,115560.0,54.19893224298369,14.198932242983688,208.92853516681248,348.2142252780208,0.003842939613395669,0.035260164829076075,0.038488037593577065,1.678584442346152,0.0054545766446872325,0.0,True,,
D116,double_resistance,1.0924108099840475,0.5022991662927481,0.19247422068961267,0.03472299253072188,0.17149599860726916,0.0,57.13194941016434,53.9006913341708,3.231258075993537,109113.06116131347,109113.06116131347,116.0,115560.0,54.19893224298369,14.198932242983688,210.95191824520603,351.5865304086767,0.003842939613395669,0.035260164829076075,0.038488037593577065,1.6785844423461518,0.0054545766446872325,0.0,True,,
D116,compute_removed,1.0978335937356511,0.5138533365082985,0.01906324032154264,0.005650204500710532,0.012348219143785028,0.0,53.578505446362726,53.32319572687385,0.2553097194888778,118230.5362410508,118230.5362410508,116.0,109760.0,53.48744505385548,13.487445053855481,228.5790367326982,380.9650612211637,0.003842938888242198,0.035260164829076075,0.038488037593577065,1.6832060196314076,0.005379177695847607,-0.028091619487398217,False,,"CDU_external_head, pump_curve"
D116,switch_removed,1.0550285981851628,0.4786486557366807,0.020333088764459654,0.005972788003060095,0.013163340027163394,0.0,54.14812391081625,53.86463662173412,0.2834872890821316,109222.85859120527,109222.85859120527,116.0,114320.0,54.04683147979762,14.046831479797618,211.1641932763302,351.94032212721703,0.003842938888242198,0.035260164829076075,0.038488037593577065,1.6784584206894229,0.005426301585651453,0.0,True,,
D116,pump_reduced,1.0838107621235376,0.5016138385491805,0.021827221088188097,0.006673591467303244,0.01368436322152628,0.0,57.29423926163173,56.922277736872104,0.3719615247596266,73608.27324096848,73608.27324096848,95.98621022042045,115560.0,57.15336825226626,17.15336825226626,117.7563198211625,196.26053303527084,0.003842939613395669,0.035260164829076075,0.038488037593577065,1.3910024290772962,0.0054545766446872325,-0.1551562371438791,False,,HX_capacity
D116,pump_unavailable,1.0833671750575584,0.5010513259867254,0.022837157225510697,0.00759092429133945,0.013914477006652706,0.0,61.332592449014044,60.852532425088896,0.480060023925148,48665.3518302669,48665.3518302669,77.84014005963732,115560.0,61.141943819430935,21.141943819430935,63.13529670865839,105.22549451443065,0.003842939613395669,0.035260164829076075,0.038488037593577065,1.1302638137831609,0.0054545766446872325,-0.3063734884837386,False,,HX_capacity
D116,warm_coolant,1.0854506238367905,0.5025997414019111,0.021247499752315453,0.006241520438724953,0.013879632758147973,0.0,59.32179328024051,59.02227545232773,0.2995178279127799,106284.06352649593,106284.06352649593,116.0,115560.0,59.21656525005926,14.216565250059261,205.48252281789212,342.47087136315355,0.003842939613395669,0.035260164829076075,0.038488037593577065,1.6786279974437306,0.0054545766446872325,0.0,True,,
D116,warm_facility,1.0846314220584137,0.5022002838129656,0.021276779902688694,0.006206876799744905,0.013695501534761855,0.0,54.3072568241663,54.007423002961275,0.2998338212050271,107046.34878961845,107046.34878961845,116.0,115560.0,54.19893224298369,14.198932242983688,206.9562743265957,344.9271238776595,0.003842939613395669,0.035260164829076075,0.038488037593577065,1.6785844423461516,0.0054545766446872325,-1.25,False,,"HX_capacity, HX_approach"
D116,nominal102,1.0844346896431125,0.502125590686801,0.021217472338284627,0.006204933826634673,0.013629661619296869,0.0,52.631093463792524,52.36702990051282,0.2640635632797057,107080.17911053103,107080.17911053103,116.0,101999.99999999999,52.535332681629825,12.535332681629825,207.02167961369332,345.0361326894889,0.003842939613395669,0.035260164829076075,0.038488037593577065,1.6772071101602966,0.0054545766446872325,0.0,True,,
D116,OEM115,1.0846232527651802,0.5021971805675916,0.021274323822989105,0.006206653428130726,0.013692769080511404,0.0,54.23804886752271,53.93969544250808,0.2983534250146249,107047.73415922877,107047.73415922877,116.0,115000.0,54.130242268688846,14.130242268688846,206.9589527078423,344.93158784640383,0.003842939613395669,0.035260164829076075,0.038488037593577065,1.6785275275707785,0.0054545766446872325,0.0,True,,
