parameter,value,M_flow,CV_flow,M_thermal,RMS_target_error,max_abs_target_error,zero_load_flow_fraction,T_out_max_C,T_out_min_C,outlet_spread_K,rack_dp_Pa,system_dp_Pa,rack_flow_LPM,heat_W,T_return_C,rack_deltaT_K,pump_hydraulic_W,pump_electrical_W,header_volume_m3,min_header_ID_m,max_header_ID_m,max_header_velocity_m_s,resolved_fluid_volume_m3,minimum_normalized_margin,feasible,error
header_diameter_mm,25.0,0.6296378399380037,0.2525821910160964,1.0861277280367692,0.7210738521455891,1.271419409311366,0.0,56.45063569201943,46.04872906509752,10.401906626921914,95073.75783143731,95073.75783143731,120.0,115560.0,53.72642027106804,13.726420271068037,190.1475156628746,316.912526104791,0.001767145867644259,0.025,0.025,4.101967192970582,0.003378782898935823,-0.36732239765686064,False,
header_diameter_mm,27.5,0.5930969264510287,0.24894155576115443,1.0746592936450974,0.7263642062255474,1.2688980616074157,0.0,56.25764703372624,46.05544587540987,10.20220115831637,89004.29847354686,89004.29847354686,120.0,115560.0,53.72642027106804,13.726420271068037,178.00859694709374,296.6809949118229,0.002138246499849553,0.0275,0.0275,3.3900555313806473,0.003749883531141117,-0.13001851046021576,False,
header_diameter_mm,30.0,0.5699409391756164,0.24694952474602905,1.067493904049079,0.7298093961924217,1.2673772506231602,0.0,56.13835501881687,46.05950449702584,10.078850521791026,85224.71714948698,85224.71714948698,120.0,115560.0,53.72642027106809,13.726420271068093,170.44943429897398,284.08239049829,0.0025446900494077327,0.03,0.03,2.848588328451793,0.004156327080699297,0.0,True,
header_diameter_mm,32.5,0.5548043362674695,0.24578199026433256,1.0628562494888951,0.7320997212350879,1.2664183073898723,0.0,56.06163381988529,46.06206644784453,9.999567372040758,82778.60355125628,82778.60355125628,120.0,115560.0,53.72642027106804,13.726420271068037,165.55720710251256,275.92867850418764,0.0029864765163187977,0.0325,0.0325,2.427199522467801,0.004598113547610362,0.0,True,
header_diameter_mm,35.0,0.544621811837181,0.2450570196376163,1.059758538007838,0.7336573867600525,1.2657901929853932,0.0,56.01058675537274,46.0637457177757,9.94684103759704,81142.06277117861,81142.06277117861,120.0,115560.0,53.72642027106804,13.726420271068037,162.28412554235723,270.4735425705954,0.003463605900582748,0.035,0.035,2.0928404045768274,0.005075242931874312,0.0,True,
header_diameter_mm,37.5,0.5375913695430101,0.2445849672052916,1.0576308250680826,0.7347408421217915,1.2653651730845008,0.0,55.97560903368935,46.06488254044706,9.910726493242294,80015.20533322927,80015.20533322927,120.0,115560.0,53.72642027106804,13.726420271068037,160.03041066645855,266.71735111076424,0.003976078202199583,0.0375,0.0375,1.8230965302091484,0.005587715233491147,0.0,True,
header_diameter_mm,40.0,0.5326223437850378,0.24426540224729446,1.0561326724937417,0.7355105529923617,1.2650693858882218,0.0,55.95101742342695,46.06567394931449,9.88534347411246,79219.5786172091,79219.5786172091,120.0,115560.0,53.72642027106804,13.726420271068037,158.43915723441822,264.0652620573637,0.004523893421169303,0.04,0.04,1.6023309347541344,0.006135530452460867,0.0,True,
header_diameter_mm,42.5,0.5290358498765694,0.24404198470942534,1.0550546629071202,0.7360681921242711,1.2648585498597702,0.0,55.93333941916478,46.0662381887451,9.867101230419678,78645.30725408449,78645.30725408449,120.0,115560.0,53.72642027106809,13.726420271068093,157.29061450816897,262.15102418028164,0.005107051557491909,0.0425,0.0425,1.4193658107164642,0.006718688588783473,0.0,True,
header_diameter_mm,45.0,0.5263980413661824,0.24388152739157515,1.054263784861383,0.7364794764010618,1.264705073049615,0.0,55.920377941362176,46.06664898944621,9.853728951915969,78222.65324489739,78222.65324489739,120.0,115560.0,53.72642027106809,13.726420271068093,156.44530648979477,260.7421774829913,0.005725552611167398,0.045,0.045,1.266039257089686,0.007337189642458962,0.0,True,
header_diameter_mm,47.5,0.5244248616754512,0.24376363388607886,1.0536733891028838,0.7367877891823903,1.2645912524951046,0.0,55.91070561708756,46.06695368093966,9.843751936147896,77906.14842825456,77906.14842825456,120.0,115560.0,53.72642027106809,13.726420271068093,155.8122968565091,259.6871614275152,0.006379396582195772,0.0475,0.0475,1.136279000822876,0.007991033613487335,0.0,True,
header_diameter_mm,50.0,0.5229261476691043,0.24367530487456576,1.053225729332509,0.7370223554567799,1.2645054358894658,0.0,55.90337313824989,46.067183427608086,9.836189710641804,77665.42861536109,77665.42861536109,120.0,115560.0,53.72642027106804,13.726420271068037,155.3308572307222,258.88476205120367,0.007068583470577036,0.05,0.05,1.025491798242646,0.0086802205018686,0.0,True,
rack_flow_LPM,90.0,0.5379838233181351,0.24480211504543903,1.0571978789529664,0.7341267319219084,1.2643853314205133,0.0,61.289898828599235,48.08802486950623,13.201873959093007,45303.904292981664,45303.904292981664,90.0,115560.0,58.29177602660252,18.29177602660252,67.9558564394725,113.25976073245417,0.004082813812605295,0.038,0.038,1.3345838778576355,0.005694450843896859,-0.2050413223140496,False,
rack_flow_LPM,95.0,0.5376292013093662,0.24473843852057464,1.0571954882971388,0.7342981558489169,1.264571652396709,0.0,60.16958151909722,47.66210458065916,12.50747693843806,50389.25437824009,50389.25437824009,95.0,115560.0,57.3310671413675,17.331067141367498,79.78298609888014,132.97164349813357,0.004082813812605295,0.038,0.038,1.4080583220925755,0.005694450843896859,-0.16337465564738288,False,
rack_flow_LPM,100.0,0.537326224777306,0.24468216276032467,1.0572043114023837,0.7344502979936083,1.264742882403205,0.0,59.16149990154156,47.27878729761767,11.882712603923892,55742.85794538778,55742.85794538778,100.0,115560.0,56.46623837019496,16.466238370194958,92.90476324231298,154.84127207052165,0.004082813812605295,0.038,0.038,1.481533198456601,0.005694450843896859,-0.12170798898071618,False,
rack_flow_LPM,105.0,0.5370646508652939,0.2446321384283033,1.057220388245001,0.7345860088707701,1.264899984582878,0.0,58.249552452629075,46.931989026417,11.317563426212075,61364.39669260399,61364.39669260399,105.0,115560.0,55.683618411427574,15.683618411427574,107.38769421205699,178.9794903534283,0.004082813812605295,0.038,0.038,1.5550084448186383,0.005694450843896859,-0.08004132231404959,False,
rack_flow_LPM,110.0,0.5368366979631677,0.24458743761887294,1.0572410106261136,0.7347076253112984,1.2650440458246364,0.0,57.42058524523867,46.61673070845188,10.803854536786787,67253.58168561323,67253.58168561323,110.0,115560.0,54.97201718315148,14.972017183151479,123.29823309029094,205.4970551504849,0.004082813812605295,0.038,0.038,1.6284840104137037,0.005694450843896859,-0.03837465564738288,False,
rack_flow_LPM,115.0,0.5366363662581564,0.24454730337307853,1.0572643163655593,0.734817077703623,1.2651761711795326,0.0,56.66374504953535,46.328898495898954,10.334846553636396,73410.14878068566,73410.14878068566,115.0,115560.0,54.32218735418644,14.32218735418644,140.70278516298086,234.50464193830143,0.004082813812605295,0.038,0.038,1.7019598533574807,0.005694450843896859,0.0,True,
rack_flow_LPM,120.0,0.5364589663859313,0.24451111320721097,1.057289007175159,0.7349159697275627,1.265297422941159,0.0,55.96999582540781,46.06506379464389,9.904932030763916,79833.85472782559,79833.85472782559,120.0,115560.0,53.72642027106809,13.726420271068093,159.66770945565116,266.11284909275196,0.004082813812605295,0.038,0.038,1.7754359387857443,0.005694450843896859,0.0,True,
rack_flow_LPM,125.0,0.5363007774569679,0.24447836045781418,1.0573139968012353,0.735005613217277,1.265408743636563,0.0,55.331749296854866,45.822346507731254,9.509402789123612,86524.47066412891,86524.47066412891,125.0,115560.0,53.178238709428854,13.178238709428854,180.2593138836019,300.4321898060032,0.004082813812605295,0.038,0.038,1.848912237442749,0.005694450843896859,-0.041666666666666664,False,
rack_flow_LPM,130.0,0.5361588454654451,0.24444860048118824,1.0573388970417967,0.7350871781712877,1.2655111138552813,0.0,54.74259661630043,45.59830923666186,9.14428737963857,93481.79142506752,93481.79142506752,130.0,115560.0,52.672160421191904,12.672160421191904,202.54388142097963,337.57313570163274,0.004082813812605295,0.038,0.038,1.9223887245970608,0.005694450843896859,-0.08333333333333333,False,
taper_ratio,0.6,0.5633874946148771,0.24548593054209103,1.0776428378605853,0.7343460623802536,1.2789336322043825,0.0,56.216254373443235,46.02879944019071,10.187454933252525,82784.35136419043,82784.35136419043,120.0,115560.0,53.72642027106809,13.726420271068093,165.56870272838086,275.9478378806348,0.0026673636833335367,0.022799999999999997,0.038,1.8020338596775547,0.0042790007146251,0.0,True,
taper_ratio,0.65,0.5599328842446547,0.2454698325167074,1.0736565699541536,0.7338910909308968,1.2758494093082962,0.0,56.17017513025587,46.036963670329555,10.133211459926315,82400.96949973643,82400.96949973643,120.0,115560.0,53.72642027106804,13.726420271068037,164.80193899947287,274.6698983324548,0.002820486703080124,0.0247,0.038,1.7986765546596084,0.004432123734371688,0.0,True,
taper_ratio,0.7,0.5569127479449033,0.24543454729343564,1.0704143731729163,0.7336157468749767,1.2733773016734067,0.0,56.13306049991451,46.043523555553065,10.089536944361441,82069.57174014681,82069.57174014681,120.0,115560.0,53.72642027106804,13.726420271068037,164.13914348029363,273.56523913382273,0.002980412078944534,0.0266,0.038,1.7953286232220635,0.004592049110236098,0.0,True,
taper_ratio,0.75,0.5542529144669359,0.2453860534516215,1.067748182308469,0.7334664182543892,1.2713800198373546,0.0,56.10268655419327,46.04883388314255,10.05385267105072,81780.0627527254,81780.0627527254,120.0,115560.0,53.72642027106804,13.726420271068037,163.5601255054508,272.60020917575133,0.003147139810926768,0.028499999999999998,0.038,1.7919900305027083,0.004758776842218332,0.0,True,
taper_ratio,0.8,0.5518946475954251,0.24532882014898436,1.0655346358840583,0.7334058888078135,1.2697554578782508,0.0,56.07748738714639,46.05316011891006,10.024327268236334,81524.7955959391,81524.7955959391,120.0,115560.0,53.72642027106809,13.726420271068093,163.0495911918782,271.74931865313033,0.0033206698990268266,0.0304,0.038,1.7886607418012566,0.00493230693031839,0.0,True,
taper_ratio,0.85,0.5497909465026652,0.2452661379592982,1.0636815765214804,0.7334079863909211,1.2684265411945803,0.0,56.0563355112904,46.056703650630595,9.999631860659804,81297.87785196397,81297.87785196397,120.0,115560.0,53.72642027106804,13.726420271068037,162.59575570392795,270.9929261732133,0.003501002343244707,0.032299999999999995,0.038,1.7853407225784441,0.0051126393745362705,0.0,True,
taper_ratio,0.9,0.5479038224032826,0.24520041341819768,1.0621187047489644,0.7334540727411142,1.2673342652624593,0.0,56.038394410486205,46.059619292062735,9.97877511842347,81094.69558103048,81094.69558103048,120.0,115560.0,53.72642027106804,13.726420271068037,162.18939116206096,270.3156519367683,0.003688137143580413,0.0342,0.038,1.7820299384551312,0.005299774174871976,0.0,True,
taper_ratio,0.95,0.5462022933709825,0.2451333891587249,1.0607917101312732,0.733530758510686,1.2664329349530499,0.0,56.02303366079775,46.06202735199531,9.961006308802439,80911.58678658672,80911.58678658672,120.0,115560.0,53.72642027106804,13.726420271068037,161.82317357317345,269.70528928862245,0.0038820743000339423,0.0361,0.038,1.7787283552114144,0.005493711331325506,0.0,True,
taper_ratio,1.0,0.5364589663859313,0.24451111320721097,1.057289007175159,0.7349159697275627,1.265297422941159,0.0,55.96999582540781,46.06506379464389,9.904932030763916,79833.85472782559,79833.85472782559,120.0,115560.0,53.72642027106809,13.726420271068093,159.66770945565116,266.11284909275196,0.004082813812605295,0.038,0.038,1.7754359387857443,0.005694450843896859,0.0,True,
compute_restriction_K,0.0,0.5364589663859313,0.24451111320721097,1.057289007175159,0.7349159697275627,1.265297422941159,0.0,55.96999582540781,46.06506379464389,9.904932030763916,79833.85472782559,79833.85472782559,120.0,115560.0,53.72642027106809,13.726420271068093,159.66770945565116,266.11284909275196,0.004082813812605295,0.038,0.038,1.7754359387857443,0.005694450843896859,0.0,True,
compute_restriction_K,2500000.0,0.4415928929408938,0.20121494666197157,1.1826852917635209,0.8582607095666346,1.4760652326641683,0.0,56.37835015453504,45.54914016891047,10.829209985624573,94566.8014927176,94566.8014927176,120.0,115560.0,53.72642027106804,13.726420271068037,189.1336029854352,315.222671642392,0.004082813812605295,0.038,0.038,1.7754359387857443,0.005694450843896859,0.0,True,
compute_restriction_K,5000000.0,0.3607154871812024,0.1640530284210772,1.2827938140809234,0.9641528064804396,1.6570649853744797,0.0,56.750257507662525,45.171368653123636,11.578888854538889,108236.91584329367,108236.91584329367,120.0,115560.0,53.72642027106809,13.726420271068093,216.47383168658735,360.7897194776456,0.004082813812605295,0.038,0.038,1.775435938785744,0.005694450843896859,0.0,True,
compute_restriction_K,7500000.0,0.28997141493986317,0.13140468815436052,1.3655359656447204,1.0571985015975656,1.8161414557282494,0.0,57.093808751720644,44.87942432443168,12.214384427288962,121027.14786499689,121027.14786499689,120.0,115560.0,53.72642027106809,13.726420271068093,242.05429572999378,403.4238262166563,0.004082813812605295,0.038,0.038,1.775435938785744,0.005694450843896859,-0.05240998143475559,False,
compute_restriction_K,10000000.0,0.2269636809776298,0.10223909994099391,1.4356621814806014,1.1403324980730867,1.958295975670296,0.0,57.414541443734436,44.645086157317905,12.76945528641653,133070.47152804284,133070.47152804284,120.0,115560.0,53.72642027106804,13.726420271068037,266.1409430560857,443.5682384268095,0.004082813812605295,0.038,0.038,1.7754359387857443,0.005694450843896859,-0.15713453502645944,False,
compute_restriction_K,12500000.0,0.17008604997405902,0.07585590610612788,1.4962389399517402,1.2155540330877899,2.086937477254054,0.0,57.71642048893136,44.45161661186927,13.264803877062093,144467.86918904397,144467.86918904397,120.0,115560.0,53.72642027106804,13.726420271068037,288.93573837808793,481.5595639634799,0.004082813812605295,0.038,0.038,1.775435938785744,0.005694450843896859,-0.25624234077429536,False,
compute_restriction_K,15000000.0,0.11820270259539054,0.05175827924277072,1.5493564675709455,1.2842936111729866,2.204506187582195,0.0,58.00239211586205,44.28837812774174,13.714013988120314,155298.5625568411,155298.5625568411,120.0,115560.0,53.72642027106809,13.726420271068093,310.5971251136822,517.6618751894704,0.004082813812605295,0.038,0.038,1.775435938785744,0.005694450843896859,-0.350422283102966,False,
compute_restriction_K,17500000.0,0.07047717717650505,0.029594107499323948,1.5965006947942473,1.3476140486032722,2.3128157481074316,0.0,58.27471298574528,44.14824393477295,14.126469050972332,165626.28561557067,165626.28561557067,120.0,115560.0,53.72642027106809,13.726420271068093,331.25257123114136,552.0876187185689,0.004082813812605295,0.038,0.038,1.775435938785744,0.005694450843896859,-0.4402285705701797,False,
compute_restriction_K,20000000.0,0.026273560559910626,0.00927800469764362,1.6387639295591845,1.4063288734400838,2.4132548050617726,0.0,58.53515531516746,44.026236539323634,14.508918775843824,175503.3537926477,175503.3537926477,120.0,115560.0,53.72642027106804,13.726420271068037,351.0067075852954,585.0111793088256,0.004082813812605295,0.038,0.038,1.7754359387857443,0.005694450843896859,-0.5261161199360669,False,
switch_restriction_K,0.0,0.5364589663859313,0.24451111320721097,1.057289007175159,0.7349159697275627,1.265297422941159,0.0,55.96999582540781,46.06506379464389,9.904932030763916,79833.85472782559,79833.85472782559,120.0,115560.0,53.72642027106809,13.726420271068093,159.66770945565116,266.11284909275196,0.004082813812605295,0.038,0.038,1.7754359387857443,0.005694450843896859,0.0,True,
switch_restriction_K,20000000.0,0.7132379420764792,0.3284512274691183,0.7772421188614227,0.4955713014419437,0.8535319773128204,0.0,55.19107266523969,47.4112187021874,7.77985396305229,87667.10150200568,87667.10150200568,120.0,115560.0,53.72642027106809,13.726420271068093,175.33420300401136,292.22367167335227,0.004082813812605295,0.038,0.038,1.775435938785744,0.005694450843896859,0.0,True,
switch_restriction_K,40000000.0,0.8159650476124182,0.37720232370847057,0.5909788495057916,0.35658977802057806,0.6145939512981509,0.0,54.772942749610706,48.50684854849544,6.266094201115266,92390.43623679427,92390.43623679427,120.0,115560.0,53.72642027106804,13.726420271068037,184.78087247358854,307.96812078931424,0.004082813812605295,0.038,0.038,1.7754359387857443,0.005694450843896859,0.0,True,
switch_restriction_K,60000000.0,0.8856904967824101,0.4102808704106346,0.45282438385774615,0.2622982407154477,0.4525398885049703,0.0,54.50221624188879,49.454836969437906,5.047379272450883,95668.14511247445,95668.14511247445,120.0,115560.0,53.72642027106804,13.726420271068037,191.3362902249489,318.8938170415815,0.004082813812605295,0.038,0.038,1.7754359387857443,0.005694450843896859,0.0,True,
switch_restriction_K,80000000.0,0.9371930456702806,0.4347087810498562,0.3439226975267699,0.1926739334797709,0.33289790055454926,0.0,54.30862744548017,50.302452186154596,4.006175259325573,98126.4816270879,98126.4816270879,120.0,115560.0,53.72642027106804,13.726420271068037,196.2529632541758,327.088272090293,0.004082813812605295,0.038,0.038,1.7754359387857443,0.005694450843896859,0.0,True,
switch_restriction_K,100000000.0,0.9773339453356747,0.45374468090142733,0.2546337535601078,0.13842831390278248,0.23968199433621964,0.0,54.161345084394384,51.07608999790796,3.085255086486427,100064.45445105078,100064.45445105078,120.0,115560.0,53.72642027106809,13.726420271068093,200.12890890210159,333.54818150350263,0.004082813812605295,0.038,0.038,1.7754359387857443,0.005694450843896859,0.0,True,
switch_restriction_K,120000000.0,1.009807582893508,0.46914260914377354,0.1793675291215345,0.09456687878272697,0.1642911016770345,0.0,54.044427515304506,51.792272228419165,2.2521552868853405,101646.3297227094,101646.3297227094,120.0,115560.0,53.72642027106804,13.726420271068037,203.2926594454188,338.821099075698,0.004082813812605295,0.038,0.038,1.7754359387857443,0.005694450843896859,0.0,True,
switch_restriction_K,140000000.0,1.0368092228200778,0.4819445995834834,0.11459729208373633,0.05813802909916084,0.10161711761031866,0.0,53.94869230527581,52.46215488080588,1.4865374244699296,102971.2330202001,102971.2330202001,120.0,115560.0,53.72642027106804,13.726420271068037,205.9424660404002,343.237443400667,0.004082813812605295,0.038,0.038,1.7754359387857446,0.005694450843896859,0.0,True,
switch_restriction_K,160000000.0,1.0595513765689373,0.49272959103081687,0.05838313140927217,0.027582009661980014,0.04879487897652524,0.0,53.8690555254845,53.08881365129446,0.7802418741900397,104094.24047267505,104094.24047267505,120.0,115560.0,53.72642027106804,13.726420271068037,208.1884809453501,346.98080157558354,0.004082813812605295,0.038,0.038,1.7754359387857443,0.005694450843896859,0.0,True,
switch_restriction_K,180000000.0,1.0791846827396305,0.5020360548252989,0.015421082872218462,0.004471445222376551,0.010007963001624601,0.0,53.80106906261989,53.59063156135835,0.21043750126153782,105068.32471047108,105068.32471047108,120.0,115560.0,53.72642027106804,13.726420271068037,210.13664942094215,350.2277490349036,0.004082813812605295,0.038,0.038,1.7754359387857443,0.005694450843896859,0.0,True,
switch_restriction_K,200000000.0,1.0964121565350746,0.510201710222429,0.055252025289101954,0.023007560520861045,0.04047573938634613,0.0,54.304441918398936,53.53433259495313,0.7701093234458085,105926.84300070639,105926.84300070639,120.0,115560.0,53.72642027106809,13.726420271068093,211.85368600141277,353.0894766690213,0.004082813812605295,0.038,0.038,1.775435938785744,0.005694450843896859,0.0,True,
supply_C,25.0,0.5369169958049538,0.2446286799850796,1.0570661048736198,0.7345886022899959,1.2648290686932284,0.0,40.911659312303186,31.04404255521098,9.867616757092208,81838.59159140126,81838.59159140126,120.0,115560.0,38.67601946118987,13.676019461189867,163.6771831828025,272.7953053046709,0.004082813812605295,0.038,0.038,1.7753043196104823,0.005694450843896859,0.0,True,
supply_C,27.5,0.5368333878681135,0.2446067656365601,1.0571086659415634,0.7346496816353272,1.2649172593402251,0.0,43.42129630525142,33.547485908199974,9.873810397051443,81492.41608046336,81492.41608046336,120.0,115560.0,41.184343279381665,13.684343279381665,162.98483216092671,271.64138693487786,0.004082813812605295,0.038,0.038,1.7753260547408265,0.005694450843896859,0.0,True,
supply_C,30.0,0.536752841931341,0.2445858405197991,1.0571488904288153,0.7347079802571331,1.265001112386938,0.0,45.930966977137416,36.050954020192535,9.880012956944881,81151.26465841725,81151.26465841725,120.0,115560.0,43.6926974999767,13.692697499976703,162.3025293168345,270.5042155280575,0.004082813812605295,0.038,0.038,1.7753478699240826,0.005694450843896859,0.0,True,
supply_C,32.5,0.5366752390591069,0.24456585631296154,1.0571869345270506,0.7347636351330847,1.2650808530783508,0.0,48.440672305605915,38.55444634779792,9.886225957807994,80814.98030441321,80814.98030441321,120.0,115560.0,46.20108221583416,13.701082215834163,161.62996060882642,269.3832676813774,0.004082813812605295,0.038,0.038,1.7753697655384855,0.005694450843896859,0.0,True,
supply_C,35.0,0.5366004641632132,0.2445467685615768,1.0572228935666201,0.7348167718860188,1.2651566875699702,0.0,50.95041202632825,41.05796239782018,9.892449628508075,80483.41224636856,80483.41224636856,120.0,115560.0,48.7094975203118,13.7094975203118,160.96682449273712,268.27804082122856,0.004082813812605295,0.038,0.038,1.7753917419645837,0.005694450843896859,0.0,True,
supply_C,37.5,0.5365284082558809,0.24452853423609452,1.0572568854549942,0.7348675122995327,1.26522881564341,0.0,53.46018651607193,43.561501693367006,9.898684822704922,80156.41644568296,80156.41644568296,120.0,115560.0,51.21794350726867,13.717943507268672,160.31283289136593,267.1880548189432,0.004082813812605295,0.038,0.038,1.7754137995852604,0.005694450843896859,0.0,True,
supply_C,40.0,0.5364589663859313,0.24451111320721097,1.057289007175159,0.7349159697275627,1.265297422941159,0.0,55.96999582540781,46.06506379464389,9.904932030763916,79833.85472782559,79833.85472782559,120.0,115560.0,53.72642027106809,13.726420271068093,159.66770945565116,266.11284909275196,0.004082813812605295,0.038,0.038,1.7754359387857443,0.005694450843896859,0.0,True,
supply_C,42.5,0.5363920202486465,0.2444944835620639,1.0573190472077556,0.7349622017730463,1.2653626009008627,0.0,58.47983365047435,48.56864851336354,9.911185137110806,79515.58916974216,79515.58916974216,120.0,115560.0,56.234927906580594,13.734927906580594,159.0311783394843,265.05196389914056,0.004082813812605295,0.038,0.038,1.7754581599536339,0.005694450843896859,0.0,True,
supply_C,45.0,0.5363274930100649,0.24447859183942286,1.0573474120519994,0.7350063639385905,1.265424606723299,0.0,60.98970671655178,51.072255217129566,9.917451499422214,79201.49900098793,79201.49900098793,120.0,115560.0,58.74346650918693,13.74346650918693,158.40299800197585,264.0049966699598,0.004082813812605295,0.038,0.038,1.7754804634789108,0.005694450843896859,0.0,True,
