sample,design,coolant,operating_variation,actual_supply_C,actual_compute_fraction,actual_switch_fraction,draw_coldplate_multiplier,draw_qdc_multiplier,draw_tubing_multiplier,draw_restriction_multiplier,draw_compute_load_multiplier,draw_switch_load_multiplier,draw_supply_C,draw_flow_LPM,draw_viscosity_multiplier,draw_roughness_m,draw_efficiency,M_flow,CV_flow,M_thermal,RMS_target_error,max_abs_target_error,zero_load_flow_fraction,T_out_max_C,T_out_min_C,outlet_spread_K,rack_dp_Pa,system_dp_Pa,rack_flow_LPM,heat_W,T_return_C,rack_deltaT_K,pump_hydraulic_W,pump_electrical_W,header_volume_m3,min_header_ID_m,max_header_ID_m,max_header_velocity_m_s,resolved_fluid_volume_m3,minimum_normalized_margin,feasible,error
0,baseline,water,True,36.55721755410903,0.8716198903007893,1.0726553850752818,0.831214883036104,0.7578692295790306,0.9325330905484835,0.8198032193640747,0.8716198903007893,1.0726553850752818,36.55721755410903,102.3782464986105,1.0501545853736696,3.6893700856028344e-05,0.6946600504613601,0.5678252779348042,0.24412110104621862,0.8807027124154039,0.5169862595082042,0.9303021328144967,0.0,53.47133832195118,44.087767439105335,9.383570882845845,48321.781172505165,48321.781172505165,102.3782464986105,102967.95064484255,51.0925679022879,14.535350348178895,82.45165373551083,118.69353028254665,0.004082813812605295,0.038,0.038,1.5135705985295251,0.005694450843896859,0.0,True,
0,C,water,True,36.55721755410903,0.8716198903007893,1.0726553850752818,0.831214883036104,0.7578692295790306,0.9325330905484835,0.8198032193640747,0.8716198903007893,1.0726553850752818,36.55721755410903,102.3782464986105,1.0501545853736696,3.6893700856028344e-05,0.6946600504613601,1.0915166627902004,0.49760050470120293,0.20672921337377545,0.08860235058905283,0.1528475384838806,0.0,53.714307130136206,50.44957163830679,3.2647354918294127,63325.92465209106,63325.92465209106,102.3782464986105,102967.95064484255,51.0925679022879,14.535350348178895,108.05328539640357,155.5484374330145,0.004082813812605295,0.038,0.038,1.5135705985295247,0.005694450843896859,0.0,True,
0,D,water,True,36.55721755410903,0.8716198903007893,1.0726553850752818,0.831214883036104,0.7578692295790306,0.9325330905484835,0.8198032193640747,0.8716198903007893,1.0726553850752818,36.55721755410903,102.3782464986105,1.0501545853736696,3.6893700856028344e-05,0.6946600504613601,1.0960079856063474,0.49801460604177344,0.2117923380333706,0.08959058805131587,0.15475357972729115,0.0,53.75298326548045,50.411356665601545,3.341626599878907,68772.6861121541,68772.6861121541,102.3782464986105,102967.95064484255,51.0925679022879,14.535350348178895,117.34711685269465,168.9274009276311,0.003842939613395669,0.035260164829076075,0.038488037593577065,1.4800038342268318,0.0054545766446872325,0.0,True,
0,E,water,True,36.55721755410903,0.8716198903007893,1.0726553850752818,0.831214883036104,0.7578692295790306,0.9325330905484835,0.8198032193640747,0.8716198903007893,1.0726553850752818,36.55721755410903,102.3782464986105,1.0501545853736696,3.6893700856028344e-05,0.6946600504613601,1.0827496306627618,0.497663611464842,0.19993870038148231,0.08871244368850695,0.15291587070662677,0.0,53.715690676248016,50.53816768667127,3.177522989576744,64930.04093961238,64930.04093961238,102.3782464986105,102967.95064484255,51.0925679022879,14.535350348178895,110.79039560800845,159.48865280855972,0.003842939613395669,0.035260164829076075,0.038488037593577065,1.4800038342268313,0.0054545766446872325,0.0,True,
1,baseline,water,True,25.743244324223078,0.7689428372444046,0.8427090556102959,1.1732652037838003,1.1532846700207917,0.7860923942478999,1.2377018269086209,0.7689428372444046,0.8427090556102959,25.743244324223078,110.1693467970918,0.9379305259211003,2.428323828245451e-05,0.7936113711719993,0.5809977416694223,0.2458173356096414,1.0110154516057104,0.6306514074726858,1.1364692392957316,0.0,39.574346626816805,31.228980375194908,8.345366251621897,71897.51768834284,71897.51768834284,110.1693467970918,89682.26526892676,37.46552458788949,11.722280263666391,132.01504266761808,166.3472166139193,0.004082813812605295,0.038,0.038,1.6250470769997454,0.005694450843896859,0.0,True,
1,C,water,True,25.743244324223078,0.7689428372444046,0.8427090556102959,1.1732652037838003,1.1532846700207917,0.7860923942478999,1.2377018269086209,0.7689428372444046,0.8427090556102959,25.743244324223078,110.1693467970918,0.9379305259211003,2.428323828245451e-05,0.7936113711719993,1.1303721271714913,0.5101298371984933,0.16946499439812132,0.06767758479701579,0.11547956689040362,0.0,38.99635885936647,36.9166520485727,2.079706810793766,95560.8712206647,95560.8712206647,110.1693467970918,89682.26526892676,37.46552458788949,11.722280263666391,175.46464602902734,221.09643637023808,0.004082813812605295,0.038,0.038,1.6250470769997454,0.005694450843896859,0.0,True,
1,D,water,True,25.743244324223078,0.7689428372444046,0.8427090556102959,1.1732652037838003,1.1532846700207917,0.7860923942478999,1.2377018269086209,0.7689428372444046,0.8427090556102959,25.743244324223078,110.1693467970918,0.9379305259211003,2.428323828245451e-05,0.7936113711719993,1.1283974881106498,0.5094896908413711,0.16587082097516173,0.06596847593638909,0.11299080432864689,0.0,38.95916386495247,36.92611497416044,2.033048890792031,104756.98905197562,104756.98905197562,110.1693467970918,89682.26526892676,37.46552458788949,11.722280263666391,192.35015093810418,242.37322942341783,0.003842939613395669,0.035260164829076075,0.038488037593577065,1.59027837277432,0.0054545766446872325,0.0,True,
1,E,water,True,25.743244324223078,0.7689428372444046,0.8427090556102959,1.1732652037838003,1.1532846700207917,0.7860923942478999,1.2377018269086209,0.7689428372444046,0.8427090556102959,25.743244324223078,110.1693467970918,0.9379305259211003,2.428323828245451e-05,0.7936113711719993,1.1230106549683372,0.5099791177933782,0.16405667919194944,0.06724463760502349,0.11580934622329132,0.0,39.001303182464085,36.976197607416054,2.0251055750480305,97976.291414182,97976.291414182,110.1693467970918,89682.26526892676,37.46552458788949,11.722280263666391,179.89973377836574,226.68492452759486,0.003842939613395669,0.035260164829076075,0.038488037593577065,1.59027837277432,0.0054545766446872325,0.0,True,
2,baseline,water,True,37.164299473931806,0.9156736747967913,0.8105972767645031,1.017418364220521,0.8705677272119184,0.7754998593207691,1.1616283158117415,0.9156736747967913,0.8105972767645031,37.164299473931806,129.52203484659123,0.9334789017886667,7.025111808327121e-06,0.7841236445023878,0.5719670330752019,0.24714973598742876,1.2380518187170304,0.8808571413831162,1.572351404980167,0.0,51.25950489528026,41.7046687849396,9.55483611034066,82534.44844322096,82534.44844322096,129.52203484659123,104642.59725747687,48.84327839516328,11.678978921231476,178.16716178845087,227.2181983512529,0.004082813812605295,0.038,0.038,1.9124773481074595,0.005694450843896859,-0.0793502903882602,False,
2,C,water,True,37.164299473931806,0.9156736747967913,0.8105972767645031,1.017418364220521,0.8705677272119184,0.7754998593207691,1.1616283158117415,0.9156736747967913,0.8105972767645031,37.164299473931806,129.52203484659123,0.9334789017886667,7.025111808327121e-06,0.7841236445023878,1.1370613283549986,0.5196632874908582,0.05916633446052505,0.020332705624202613,0.033493253871874476,0.0,49.24794201960316,48.54668876927764,0.7012532503255215,110335.39594579152,110335.39594579152,129.52203484659123,104642.59725747687,48.84327839516328,11.678978921231476,238.1810833083875,303.7544971106431,0.004082813812605295,0.038,0.038,1.912477348107459,0.005694450843896859,-0.0793502903882602,False,
2,D,water,True,37.164299473931806,0.9156736747967913,0.8105972767645031,1.017418364220521,0.8705677272119184,0.7754998593207691,1.1616283158117415,0.9156736747967913,0.8105972767645031,37.164299473931806,129.52203484659123,0.9334789017886667,7.025111808327121e-06,0.7841236445023878,1.1341887339811896,0.5181747389578419,0.06815242081070785,0.022761552759819514,0.03476614909364022,0.0,49.25395886777159,48.45093838218577,0.8030204855858187,122271.463357239,122271.463357239,129.52203484659123,104642.59725747687,48.84327839516328,11.678978921231476,263.9474789616669,336.61461532532974,0.003842939613395669,0.035260164829076075,0.038488037593577065,1.8700639473446994,0.0054545766446872325,-0.12779417894342585,False,
2,E,water,True,37.164299473931806,0.9156736747967913,0.8105972767645031,1.017418364220521,0.8705677272119184,0.7754998593207691,1.1616283158117415,0.9156736747967913,0.8105972767645031,37.164299473931806,129.52203484659123,0.9334789017886667,7.025111808327121e-06,0.7841236445023878,1.1304264031694577,0.5195139124605285,0.06583295504890474,0.02202054529532283,0.03756892408073053,0.0,49.29910578503791,48.5172854063469,0.781820378691009,113483.58402590375,113483.58402590375,129.52203484659123,104642.59725747687,48.84327839516328,11.678978921231476,244.9770787453195,312.4214917671361,0.003842939613395669,0.035260164829076075,0.038488037593577065,1.8700639473446998,0.0054545766446872325,-0.0793502903882602,False,
3,baseline,water,True,35.56787983592869,0.956585841459086,0.817335217725186,1.1642527833952805,1.1028767328113276,1.054648435342368,0.7802907402776955,0.956585841459086,0.817335217725186,35.56787983592869,107.11395955129134,1.0709078114916382,4.3811064990908655e-05,0.6325872547816669,0.5590536567639959,0.24603952157868542,1.2762147363134864,0.9314983449273437,1.660822014041567,0.0,53.31107312604729,41.09269695714153,12.218376168905763,69145.88429190304,69145.88429190304,107.11395955129134,108989.02287814165,50.26783650217743,14.699956666248738,123.44149088635291,195.13749281742625,0.004082813812605295,0.038,0.038,1.5835370452340813,0.005694450843896859,-0.008119396671538904,False,
3,C,water,True,35.56787983592869,0.956585841459086,0.817335217725186,1.1642527833952805,1.1028767328113276,1.054648435342368,0.7802907402776955,0.956585841459086,0.817335217725186,35.56787983592869,107.11395955129134,1.0709078114916382,4.3811064990908655e-05,0.6325872547816669,1.0275871556450724,0.4709906702954745,0.3626901668437275,0.19325765066440134,0.3376065264985544,0.0,51.169899590822524,46.558014920524045,4.61188467029848,88280.73007821976,88280.73007821976,107.11395955129134,108989.02287814165,50.267836502177374,14.699956666248681,157.601642512615,249.1381881650621,0.004082813812605295,0.038,0.038,1.5835370452340818,0.005694450843896859,-0.008119396671538904,False,
3,D,water,True,35.56787983592869,0.956585841459086,0.817335217725186,1.1642527833952805,1.1028767328113276,1.054648435342368,0.7802907402776955,0.956585841459086,0.817335217725186,35.56787983592869,107.11395955129134,1.0709078114916382,4.3811064990908655e-05,0.6325872547816669,1.0335926685169918,0.4730784283987777,0.35230188568538096,0.18636732275200812,0.3256119474938601,0.0,51.16216628546658,46.65745017680422,4.504716108662365,94036.61975792663,94036.61975792663,107.11395955129134,108989.02287814165,50.26783650217743,14.699956666248738,167.87724475151197,265.38195874568106,0.003842939613395669,0.035260164829076075,0.038488037593577065,1.5484186207525301,0.0054545766446872325,-0.008119396671538904,False,
3,E,water,True,35.56787983592869,0.956585841459086,0.817335217725186,1.1642527833952805,1.1028767328113276,1.054648435342368,0.7802907402776955,0.956585841459086,0.817335217725186,35.56787983592869,107.11395955129134,1.0709078114916382,4.3811064990908655e-05,0.6325872547816669,1.0317127042503111,0.4714431918091667,0.358243806644726,0.19175885691639746,0.33514441136788314,0.0,51.12637853193263,46.578280198224945,4.548098333707685,89991.23616384719,89991.23616384719,107.11395955129134,108989.02287814165,50.267836502177374,14.699956666248681,160.65529384041724,253.96542947401986,0.003842939613395669,0.035260164829076075,0.038488037593577065,1.54841862075253,0.0054545766446872325,-0.008119396671538904,False,
4,baseline,water,True,31.45793775361496,0.8166532953910903,0.9961053318105137,1.2420719991697424,0.8786902022973265,1.2549311920058872,0.7603910683953996,0.8166532953910903,0.9961053318105137,31.45793775361496,126.32391314922683,1.0471566796129173,1.9058331429959456e-06,0.5493012959708469,0.5783752328149727,0.24822627412392517,0.8780078520383745,0.5158037641740455,0.9305992185342616,0.0,44.216556348819495,37.15889902693101,7.057657321888485,94570.27312743722,94570.27312743722,126.32391314922683,96375.13954183515,42.46486156206663,11.006923808451688,199.10811615081732,362.4752346504287,0.004082813812605295,0.038,0.038,1.8638102641332328,0.005694450843896859,-0.05269927624355688,False,
4,C,water,True,31.45793775361496,0.8166532953910903,0.9961053318105137,1.2420719991697424,0.8786902022973265,1.2549311920058872,0.7603910683953996,0.8166532953910903,0.9961053318105137,31.45793775361496,126.32391314922683,1.0471566796129173,1.9058331429959456e-06,0.5493012959708469,1.0412555767353777,0.4711661056904724,0.07590383629027109,0.023949649405546884,0.040319219641751586,0.0,42.927323175746324,42.093255399399595,0.8340677763467284,120325.38268845751,120325.38268845751,126.32391314922683,96375.13954183515,42.46486156206663,11.006923808451688,253.33288653973648,461.1911320762324,0.004082813812605295,0.038,0.038,1.8638102641332333,0.005694450843896859,-0.08863732319673391,False,
4,D,water,True,31.45793775361496,0.8166532953910903,0.9961053318105137,1.2420719991697424,0.8786902022973265,1.2549311920058872,0.7603910683953996,0.8166532953910903,0.9961053318105137,31.45793775361496,126.32391314922683,1.0471566796129173,1.9058331429959456e-06,0.5493012959708469,1.0465575015947546,0.4732515577409582,0.08670017875469417,0.028281331061821614,0.049147914501759614,0.0,43.03382225287794,42.075882865820745,0.9579393870571948,128162.06859655037,128162.06859655037,126.32391314922683,96375.13954183515,42.46486156206663,11.006923808451688,269.83223370693133,491.2281032034051,0.003842939613395669,0.035260164829076075,0.038488037593577065,1.8234671701869432,0.0054545766446872325,-0.15678241804971527,False,
4,E,water,True,31.45793775361496,0.8166532953910903,0.9961053318105137,1.2420719991697424,0.8786902022973265,1.2549311920058872,0.7603910683953996,0.8166532953910903,0.9961053318105137,31.45793775361496,126.32391314922683,1.0471566796129173,1.9058331429959456e-06,0.5493012959708469,1.037971283226853,0.47159849785420827,0.07431390817987671,0.02467033615221066,0.04148926454230399,0.0,42.94132446585513,42.12190356923867,0.8194208966164638,122671.5385157729,122671.5385157729,126.32391314922683,96375.13954183515,42.46486156206663,11.006923808451688,258.2724796224755,470.18363422208785,0.003842939613395669,0.035260164829076075,0.038488037593577065,1.8234671701869427,0.0054545766446872325,-0.10903867821686777,False,
5,baseline,PG25,True,26.04056871174745,0.8177557728112902,1.131923068770566,0.9106439363788748,1.1512898989378235,0.9350749196332613,0.7969242244429879,0.8177557728112902,1.131923068770566,26.04056871174745,126.14404577242482,0.9048728334566959,2.0112629810399976e-05,0.5288788473082074,0.568851374338661,0.2438339974920346,0.7480771518441912,0.4109733619849471,0.7402788018554612,0.0,38.72799956722514,32.38799279503104,6.340006772194101,88549.74640998116,88549.74640998116,126.14404577242482,98005.96412897823,37.080552678154675,11.039983966407249,186.16705440462124,352.00321463439286,0.004082813812605295,0.038,0.038,1.8637988936431826,0.005694450843896859,-0.05120038143687348,False,
5,C,PG25,True,26.04056871174745,0.8177557728112902,1.131923068770566,0.9106439363788748,1.1512898989378235,0.9350749196332613,0.7969242244429879,0.8177557728112902,1.131923068770566,26.04056871174745,126.14404577242482,0.9048728334566959,2.0112629810399976e-05,0.5288788473082074,1.073220053671406,0.48448837700538067,0.2606504673164393,0.10972233736450471,0.18757852483287316,0.0,39.625350542660954,36.43915237351467,3.18619816914628,114635.55642312505,114635.55642312505,126.14404577242482,98005.96412897823,37.080552678154675,11.039983966407249,241.00988127643458,455.69960398885945,0.004082813812605295,0.038,0.038,1.8637988936431835,0.005694450843896859,-0.05120038143687348,False,
5,D,PG25,True,26.04056871174745,0.8177557728112902,1.131923068770566,0.9106439363788748,1.1512898989378235,0.9350749196332613,0.7969242244429879,0.8177557728112902,1.131923068770566,26.04056871174745,126.14404577242482,0.9048728334566959,2.0112629810399976e-05,0.5288788473082074,1.0785490750789826,0.48579825017793304,0.26887962812333077,0.11254188943555803,0.19254367195175873,0.0,39.70874644276432,36.41369518969401,3.295051253070312,123235.32641149269,123235.32641149269,126.14404577242482,98005.96412897823,37.080552678154675,11.039983966407249,259.09004426051746,489.8854351600323,0.003842939613395669,0.035260164829076075,0.038488037593577065,1.8224650449074042,0.0054545766446872325,-0.11270719389981709,False,
5,E,PG25,True,26.04056871174745,0.8177557728112902,1.131923068770566,0.9106439363788748,1.1512898989378235,0.9350749196332613,0.7969242244429879,0.8177557728112902,1.131923068770566,26.04056871174745,126.14404577242482,0.9048728334566959,2.0112629810399976e-05,0.5288788473082074,1.0642343579603128,0.48471059180923043,0.2536866671872138,0.11017156483787056,0.18779832959694562,0.0,39.62902090590188,36.50749942254521,3.1215214833566733,117169.35908827366,117169.35908827366,126.14404577242482,98005.96412897823,37.080552678154675,11.039983966407249,246.33694993261457,465.7719838605309,0.003842939613395669,0.035260164829076075,0.038488037593577065,1.8224650449074034,0.0054545766446872325,-0.05995965195878209,False,
6,baseline,PG25,True,39.91331558765676,0.8434812431025498,1.0108823903695718,0.9950619333671381,0.8723531658714531,0.8519764085764479,0.7432928449276205,0.8434812431025498,1.0108823903695718,39.91331558765676,90.99235241608889,0.9743977027633097,4.752291979816574e-05,0.538560983206536,0.5668369491157258,0.24919340722279854,0.9149098120429291,0.5302437273269128,0.9784169399356207,0.0,58.02573773096327,47.78441165289246,10.241326078070813,45863.37792555299,45863.37792555299,90.99235241608889,99340.88925643063,55.47112576430146,15.557810176644693,69.55361078656982,129.14714016684772,0.004082813812605295,0.038,0.038,1.347476544135563,0.005694450843896859,-0.06272948129648201,False,
6,C,PG25,True,39.91331558765676,0.8434812431025498,1.0108823903695718,0.9950619333671381,0.8723531658714531,0.8519764085764479,0.7432928449276205,0.8434812431025498,1.0108823903695718,39.91331558765676,90.99235241608889,0.9743977027633097,4.752291979816574e-05,0.538560983206536,1.0467826005929852,0.4790267553613035,0.08653730473091055,0.03292234645116917,0.056384111047684426,0.0,56.39890267788161,55.03295266405922,1.3659500138223848,58703.95305077718,58703.95305077718,90.99235241608889,99340.88925643063,55.47112576430146,15.557810176644693,89.02684640356424,165.3050428449303,0.004082813812605295,0.038,0.038,1.347476544135563,0.005694450843896859,-0.06272948129648201,False,
6,D,PG25,True,39.91331558765676,0.8434812431025498,1.0108823903695718,0.9950619333671381,0.8723531658714531,0.8519764085764479,0.7432928449276205,0.8434812431025498,1.0108823903695718,39.91331558765676,90.99235241608889,0.9743977027633097,4.752291979816574e-05,0.538560983206536,1.0506572448837435,0.48065835078876284,0.09490495719500654,0.03667077571810395,0.06335725740320838,0.0,56.521388689616856,55.01643701052899,1.504951679087867,62871.46012890301,62871.46012890301,90.99235241608889,99340.88925643063,55.47112576430152,15.55781017664475,95.3470342827204,177.0403673044306,0.003842939613395669,0.035260164829076075,0.038488037593577065,1.3175932816010312,0.0054545766446872325,-0.06272948129648201,False,
6,E,PG25,True,39.91331558765676,0.8434812431025498,1.0108823903695718,0.9950619333671381,0.8723531658714531,0.8519764085764479,0.7432928449276205,0.8434812431025498,1.0108823903695718,39.91331558765676,90.99235241608889,0.9743977027633097,4.752291979816574e-05,0.538560983206536,1.05116976889906,0.479362544298154,0.09036475629474208,0.03353175914287278,0.05698247764750158,0.0,56.40934230889678,54.98695093244845,1.4223913764483314,59957.07660095663,59957.07660095663,90.99235241608889,99340.88925643063,55.47112576430152,15.55781017664475,90.92725739854471,168.83372586178317,0.003842939613395669,0.035260164829076075,0.038488037593577065,1.3175932816010312,0.0054545766446872325,-0.06272948129648201,False,
7,baseline,water,True,39.5414644514214,0.8232577624961641,1.1630531910333388,0.9312899030863274,0.9330899259555129,1.1387394795562078,0.927515958828271,0.8232577624961641,1.1630531910333388,39.5414644514214,111.16665704736795,1.0157379819633054,6.251763703423667e-06,0.651224887978297,0.5757603508344709,0.24688665488596756,0.7196696343670052,0.387473591364963,0.7019725256374683,0.0,54.2955226268582,47.106575517312535,7.188947109545666,61566.34514105531,61566.34514105531,111.16665704736795,98927.78401653159,52.41600074862981,12.874536297208408,114.0687462659264,175.16029926320616,0.004082813812605295,0.038,0.038,1.6427385281602702,0.005694450843896859,0.0,True,
7,C,water,True,39.5414644514214,0.8232577624961641,1.1630531910333388,0.9312899030863274,0.9330899259555129,1.1387394795562078,0.927515958828271,0.8232577624961641,1.1630531910333388,39.5414644514214,111.16665704736795,1.0157379819633054,6.251763703423667e-06,0.651224887978297,1.1019652535123534,0.501281822499771,0.35292489340337024,0.15373891768680473,0.2636070585034232,0.0,57.02274145175568,51.596425632516855,5.426315819238823,80740.02300356013,80740.02300356013,111.16665704736795,98927.78401653159,52.41600074862981,12.874536297208408,149.59330745388948,229.71067324883148,0.004082813812605295,0.038,0.038,1.6427385281602702,0.005694450843896859,0.0,True,
7,D,water,True,39.5414644514214,0.8232577624961641,1.1630531910333388,0.9312899030863274,0.9330899259555129,1.1387394795562078,0.927515958828271,0.8232577624961641,1.1630531910333388,39.5414644514214,111.16665704736795,1.0157379819633054,6.251763703423667e-06,0.651224887978297,1.1052037704878135,0.5013707114221966,0.3562999159425442,0.15393213452400284,0.26454283914441534,0.0,57.04497308787552,51.57162297384701,5.473350114028506,87889.23507519894,87889.23507519894,111.16665704736795,98927.78401653159,52.41600074862981,12.874536297208408,162.83920756266906,250.05065157782468,0.003842939613395669,0.035260164829076075,0.038488037593577065,1.6063071803002622,0.0054545766446872325,0.0,True,
7,E,water,True,39.5414644514214,0.8232577624961641,1.1630531910333388,0.9312899030863274,0.9330899259555129,1.1387394795562078,0.927515958828271,0.8232577624961641,1.1630531910333388,39.5414644514214,111.16665704736795,1.0157379819633054,6.251763703423667e-06,0.651224887978297,1.0942203271573328,0.5013478053283826,0.3457919889505469,0.1538754366731221,0.2624948708788663,0.0,56.996392174434504,51.66003433396247,5.336357840472033,82758.78079923229,82758.78079923229,111.16665704736795,98927.78401653159,52.41600074862981,12.874536297208408,153.33361671277595,235.45417188952092,0.003842939613395669,0.035260164829076075,0.038488037593577065,1.6063071803002622,0.0054545766446872325,0.0,True,
8,baseline,PG25,True,35.61098839937516,0.7744231658375729,0.9858329705700106,1.0746507561313525,1.001261960876256,1.2072097211496804,1.185531523522991,0.7744231658375729,0.9858329705700106,35.61098839937516,124.5764670285422,0.9478459044340357,4.0725112063125944e-05,0.5367478931113454,0.5817441694638307,0.24831324586576406,0.846438847490695,0.47560412543021474,0.8755066508539168,0.0,47.77640415632817,41.21398456544512,6.562419590883053,95278.82063167731,95278.82063167731,124.5764670285422,91851.67446500392,46.113198322502114,10.50220992312694,197.82498094900893,368.5621937000715,0.004082813812605295,0.038,0.038,1.8401975370395198,0.005694450843896859,-0.038137225237851645,False,
8,C,PG25,True,35.61098839937516,0.7744231658375729,0.9858329705700106,1.0746507561313525,1.001261960876256,1.2072097211496804,1.185531523522991,0.7744231658375729,0.9858329705700106,35.61098839937516,124.5764670285422,0.9478459044340357,4.0725112063125944e-05,0.5367478931113454,1.1266520580433468,0.5082967460582009,0.30063207702911554,0.12790686163522624,0.2190084200117679,0.0,49.0534694951528,45.46501957039459,3.5884499247582085,125843.12323964787,125843.12323964787,124.5764670285422,91851.67446500392,46.113198322502114,10.50220992312694,261.2848615505461,486.7925238345444,0.004082813812605295,0.038,0.038,1.8401975370395194,0.005694450843896859,-0.12470368407610817,False,
8,D,PG25,True,35.61098839937516,0.7744231658375729,0.9858329705700106,1.0746507561313525,1.001261960876256,1.2072097211496804,1.185531523522991,0.7744231658375729,0.9858329705700106,35.61098839937516,124.5764670285422,0.9478459044340357,4.0725112063125944e-05,0.5367478931113454,1.125212323288283,0.5077804008189126,0.2982403049630382,0.12672008911528673,0.21757018806543654,0.0,49.02880019913272,45.471478521942345,3.557321677190373,137716.5170487275,137716.5170487275,124.5764670285422,91851.67446500392,46.113198322502114,10.50220992312694,285.93728575677454,532.7217664503406,0.003842939613395669,0.035260164829076075,0.038488037593577065,1.7993871004095967,0.0054545766446872325,-0.22795058676375698,False,
8,E,PG25,True,35.61098839937516,0.7744231658375729,0.9858329705700106,1.0746507561313525,1.001261960876256,1.2072097211496804,1.185531523522991,0.7744231658375729,0.9858329705700106,35.61098839937516,124.5764670285422,0.9478459044340357,4.0725112063125944e-05,0.5367478931113454,1.1209720491595674,0.5082915368280029,0.2949400968078247,0.1278925303810075,0.21753365885427858,0.0,49.028174810279666,45.50117010547251,3.5270047048071547,128953.71839082375,128953.71839082375,124.5764670285422,91851.67446500392,46.113198322502114,10.50220992312694,267.7433107887062,498.8250801259583,0.003842939613395669,0.035260164829076075,0.038488037593577065,1.7993871004095967,0.0054545766446872325,-0.15175233756459405,False,
9,baseline,water,True,28.213016279681902,0.8511901238692505,0.989850111409457,0.837278881043908,1.2705968070447482,1.1715742338057467,1.0329152325638806,0.8511901238692505,0.989850111409457,28.213016279681902,110.40347916033897,1.0081750965653835,4.5096193746645893e-05,0.7383035263110123,0.5483222629248085,0.23882050222559278,0.9393791121351669,0.5854643028334061,1.0270214119938768,0.0,43.507797681670695,34.646518398482954,8.861279283187741,65758.69654945756,65758.69654945756,110.40347916033897,99910.97617527927,41.25548091012172,13.042464630439838,120.99981473515153,163.88898389763352,0.004082813812605295,0.038,0.038,1.6297077271825038,0.005694450843896859,0.0,True,
9,C,water,True,28.213016279681902,0.8511901238692505,0.989850111409457,0.837278881043908,1.2705968070447482,1.1715742338057467,1.0329152325638806,0.8511901238692505,0.989850111409457,28.213016279681902,110.40347916033897,1.0081750965653835,4.5096193746645893e-05,0.7383035263110123,1.0955484533309428,0.5023933090373534,0.17252427761416148,0.07485460107463694,0.12948377466408448,0.0,43.19573724444655,40.782958712625145,2.4127785318214023,87271.63315453527,87271.63315453527,110.40347916033897,99910.97617527927,41.25548091012172,13.042464630439838,160.58486553775805,217.50521271397972,0.004082813812605295,0.038,0.038,1.6297077271825038,0.005694450843896859,0.0,True,
9,D,water,True,28.213016279681902,0.8511901238692505,0.989850111409457,0.837278881043908,1.2705968070447482,1.1715742338057467,1.0329152325638806,0.8511901238692505,0.989850111409457,28.213016279681902,110.40347916033897,1.0081750965653835,4.5096193746645893e-05,0.7383035263110123,1.0986993845853745,0.5023955842504163,0.17551752171037158,0.0748486655494042,0.13019486277878312,0.0,43.20798737866619,40.75654016403189,2.4514472146342996,95094.36914249138,95094.36914249138,110.40347916033897,99910.97617527927,41.25548091012172,13.042464630439838,174.97915336481051,237.00164922563312,0.003842939613395669,0.035260164829076075,0.038488037593577065,1.5936580391194815,0.0054545766446872325,0.0,True,
9,E,water,True,28.213016279681902,0.8511901238692505,0.989850111409457,0.837278881043908,1.2705968070447482,1.1715742338057467,1.0329152325638806,0.8511901238692505,0.989850111409457,28.213016279681902,110.40347916033897,1.0081750965653835,4.5096193746645893e-05,0.7383035263110123,1.101719635191866,0.5024161894028282,0.17667243708999006,0.07490426015464512,0.12866769398914854,0.0,43.18170300985861,40.72472557679606,2.456977433062548,89420.61230734398,89420.61230734398,110.40347916033897,99910.97617527927,41.25548091012172,13.042464630439838,164.53911178964339,222.86106719789777,0.003842939613395669,0.035260164829076075,0.038488037593577065,1.5936580391194817,0.0054545766446872325,0.0,True,
10,baseline,PG25,True,39.11964256252608,0.8190690318669585,1.1066774504082697,1.203330557372312,1.076649182183814,0.8824712816694101,0.7827961305907086,0.8190690318669585,1.1066774504082697,39.11964256252608,96.31605639550142,0.9792350800883092,1.5413280806422585e-05,0.6172517567411749,0.5748932908058875,0.24240389777527838,0.776461198583449,0.43639172411326504,0.7771874264340038,0.0,55.85993593706331,47.27248203406185,8.58745390300146,57947.45437417452,57947.45437417452,96.31605639550142,97861.32727346676,53.59766137550997,14.478018812983862,93.02117139131231,150.70215738619243,0.004082813812605295,0.038,0.038,1.4255492802988934,0.005694450843896859,-0.006137496484871925,False,
10,C,PG25,True,39.11964256252608,0.8190690318669585,1.1066774504082697,1.203330557372312,1.076649182183814,0.8824712816694101,0.7827961305907086,0.8190690318669585,1.1066774504082697,39.11964256252608,96.31605639550142,0.9792350800883092,1.5413280806422585e-05,0.6172517567411749,1.0447186932247639,0.4719389018269882,0.1812256375601648,0.07257487268483376,0.12677334630048698,0.0,55.69533875893876,52.918337251235926,2.7770015077028347,74325.46145056731,74325.46145056731,96.31605639550142,97861.32727346676,53.59766137550997,14.478018812983862,119.31225561157513,193.2959352622871,0.004082813812605295,0.038,0.038,1.4255492802988932,0.005694450843896859,-0.006137496484871925,False,
10,D,PG25,True,39.11964256252608,0.8190690318669585,1.1066774504082697,1.203330557372312,1.076649182183814,0.8824712816694101,0.7827961305907086,0.8190690318669585,1.1066774504082697,39.11964256252608,96.31605639550142,0.9792350800883092,1.5413280806422585e-05,0.6172517567411749,1.0490513786736417,0.4740023818015376,0.1905284990227191,0.07700181736186429,0.1343469359053427,0.0,55.84006620099268,52.903676793677846,2.9363894073148344,79222.01280998095,79222.01280998095,96.31605639550142,97861.32727346676,53.59766137550997,14.478018812983862,127.17253089285435,206.03024536417828,0.003842939613395669,0.035260164829076075,0.038488037593577065,1.3939345827485075,0.0054545766446872325,-0.006137496484871925,False,
10,E,PG25,True,39.11964256252608,0.8190690318669585,1.1066774504082697,1.203330557372312,1.076649182183814,0.8824712816694101,0.7827961305907086,0.8190690318669585,1.1066774504082697,39.11964256252608,96.31605639550142,0.9792350800883092,1.5413280806422585e-05,0.6172517567411749,1.0420447792551888,0.47228366782259273,0.17966165363098274,0.07319076437898575,0.12741144172545846,0.0,55.70743571406132,52.947601558644465,2.759834155416854,75780.58127185212,75780.58127185212,96.31605639550142,97861.32727346676,53.59766137550997,14.478018812983862,121.64811232439313,197.08022050296478,0.003842939613395669,0.035260164829076075,0.038488037593577065,1.3939345827485077,0.0054545766446872325,-0.006137496484871925,False,
11,baseline,water,True,28.83070788563781,0.7629796621067186,1.176091505791181,0.7331735619960841,1.1022479880883829,0.899693518947524,0.8851235523949271,0.7629796621067186,1.176091505791181,28.83070788563781,112.58598361466117,0.9387514324461598,4.194364105018238e-05,0.668500292823089,0.544894965314952,0.24520944775402506,0.6047519100976276,0.32049536867936684,0.5646229109498772,0.0,42.225315781645975,36.42241689121323,5.802898890432743,59192.77940280781,59192.77940280781,112.58598361466117,92780.25792857102,40.70970709129506,11.878999205657237,111.07128819917956,166.14994696580234,0.004082813812605295,0.038,0.038,1.6612709114869213,0.005694450843896859,0.0,True,
11,C,water,True,28.83070788563781,0.7629796621067186,1.176091505791181,0.7331735619960841,1.1022479880883829,0.899693518947524,0.8851235523949271,0.7629796621067186,1.176091505791181,28.83070788563781,112.58598361466117,0.9387514324461598,4.194364105018238e-05,0.668500292823089,1.0863156759009973,0.5030648475725913,0.41877488762771053,0.1896858273782087,0.32183960812360163,0.0,46.347848456270185,39.9633613080054,6.384487148264782,77918.1412282399,77918.1412282399,112.58598361466117,92780.25792857102,40.70970709129506,11.878999205657237,146.2081761934579,218.71071376202107,0.004082813812605295,0.038,0.038,1.661270911486921,0.005694450843896859,0.0,True,
11,D,water,True,28.83070788563781,0.7629796621067186,1.176091505791181,0.7331735619960841,1.1022479880883829,0.899693518947524,0.8851235523949271,0.7629796621067186,1.176091505791181,28.83070788563781,112.58598361466117,0.9387514324461598,4.194364105018238e-05,0.668500292823089,1.0865656289709624,0.5030305858795611,0.4192517145880377,0.18962218136331055,0.3222229209089975,0.0,46.35775531861617,39.96265415301474,6.395101165601432,85002.58733405685,85002.58733405685,112.58598361466117,92780.25792857102,40.70970709129506,11.878999205657237,159.50166507993217,238.59625312406928,0.003842939613395669,0.035260164829076075,0.038488037593577065,1.6251621710136697,0.0054545766446872325,0.0,True,
11,E,water,True,28.83070788563781,0.7629796621067186,1.176091505791181,0.7331735619960841,1.1022479880883829,0.899693518947524,0.8851235523949271,0.7629796621067186,1.176091505791181,28.83070788563781,112.58598361466117,0.9387514324461598,4.194364105018238e-05,0.668500292823089,1.0922115634043295,0.5031144508016283,0.42315478243174426,0.18977797769191965,0.3210593802874614,0.0,46.32771772299674,39.913131734967294,6.414585988029444,79945.79101811402,79945.79101811402,112.58598361466117,92780.25792857102,40.70970709129506,11.878999205657237,150.0129252937752,224.40218337118128,0.003842939613395669,0.035260164829076075,0.038488037593577065,1.6251621710136697,0.0054545766446872325,0.0,True,
12,baseline,water,True,26.41684900212519,0.8264159178052196,1.1898894840675078,0.871105281067239,0.9718484557457541,1.0777548946937987,1.2032234278378333,0.8264159178052196,1.1898894840675078,26.41684900212519,111.80323366882412,1.0782386160123414,2.3619619841327952e-05,0.5830813055906452,0.5678061844109717,0.24125773705188744,0.696818619347806,0.3835212176103429,0.6771181337672462,0.0,41.0574724634501,34.06354981662315,6.993922646826945,61831.893480626764,61831.893480626764,111.80323366882412,99556.98846105831,39.24285008904087,12.826001086915653,115.2167605833393,197.59981923383378,0.004082813812605295,0.038,0.038,1.6499078930583464,0.005694450843896859,0.0,True,
12,C,water,True,26.41684900212519,0.8264159178052196,1.1898894840675078,0.871105281067239,0.9718484557457541,1.0777548946937987,1.2032234278378333,0.8264159178052196,1.1898894840675078,26.41684900212519,111.80323366882412,1.0782386160123414,2.3619619841327952e-05,0.5830813055906452,1.141086993968131,0.5217011190732337,0.4621534552607211,0.20354452797516473,0.3465312228613325,0.0,46.045892299645175,38.30398913416889,7.7419031654762875,83296.3369962139,83296.3369962139,111.80323366882412,99556.98846105831,39.24285008904093,12.82600108691571,155.2133304824137,266.1950040143834,0.004082813812605295,0.038,0.038,1.649907893058346,0.005694450843896859,0.0,True,
12,D,water,True,26.41684900212519,0.8264159178052196,1.1898894840675078,0.871105281067239,0.9718484557457541,1.0777548946937987,1.2032234278378333,0.8264159178052196,1.1898894840675078,26.41684900212519,111.80323366882412,1.0782386160123414,2.3619619841327952e-05,0.5830813055906452,1.140651589318715,0.5200375353834994,0.45669795903186516,0.20010250256679998,0.34062834584532636,0.0,45.870152728771984,38.287679155735475,7.582473573036509,92544.61279626442,92544.61279626442,111.80323366882412,99556.98846105831,39.24285008904093,12.82600108691571,172.4464494875267,295.7502630149379,0.003842939613395669,0.035260164829076075,0.038488037593577065,1.6138632902782915,0.0054545766446872325,0.0,True,
12,E,water,True,26.41684900212519,0.8264159178052196,1.1898894840675078,0.871105281067239,0.9718484557457541,1.0777548946937987,1.2032234278378333,0.8264159178052196,1.1898894840675078,26.41684900212519,111.80323366882412,1.0782386160123414,2.3619619841327952e-05,0.5830813055906452,1.1384033594866383,0.5214731909549095,0.45895300387790267,0.20303230326127678,0.3454148504022331,0.0,46.01241288138573,38.32298232078449,7.689430560601238,85723.28473227582,85723.28473227582,111.80323366882412,99556.98846105831,39.24285008904093,12.82600108691571,159.73567389636295,273.95094365880095,0.003842939613395669,0.035260164829076075,0.038488037593577065,1.613863290278291,0.0054545766446872325,0.0,True,
13,baseline,PG25,True,28.34585669234517,0.8844789360345107,1.1016022118696123,0.9355321374744648,1.1904728487943785,1.0410879005155065,1.0897746108093116,0.8844789360345107,1.1016022118696123,28.34585669234517,116.26575955966584,1.0537400149163298,4.3773558185890774e-05,0.6019760748751051,0.556109683001168,0.24686371866890797,0.8556917770675108,0.4986798256781192,0.9025697951281569,0.0,43.05710838817441,35.07458264325868,7.982525744915733,78978.18841266607,78978.18841266607,116.26575955966584,104633.48160646777,41.138294673031,12.792437980685804,153.040984407417,254.23100816617864,0.004082813812605295,0.038,0.038,1.7193325726814104,0.005694450843896859,0.0,True,
13,C,PG25,True,28.34585669234517,0.8844789360345107,1.1016022118696123,0.9355321374744648,1.1904728487943785,1.0410879005155065,1.0897746108093116,0.8844789360345107,1.1016022118696123,28.34585669234517,116.26575955966584,1.0537400149163298,4.3773558185890774e-05,0.6019760748751051,1.0964474670549378,0.5054993891980133,0.2479672822875068,0.11233794233221608,0.1933554242240075,0.0,44.19878957473475,40.61081924475877,3.587970329975974,104080.20269463919,104080.20269463919,116.26575955966584,104633.48160646777,41.138294673031055,12.792437980685861,201.68273035693673,335.034461957281,0.004082813812605295,0.038,0.038,1.7193325726814104,0.005694450843896859,0.0,True,
13,D,PG25,True,28.34585669234517,0.8844789360345107,1.1016022118696123,0.9355321374744648,1.1904728487943785,1.0410879005155065,1.0897746108093116,0.8844789360345107,1.1016022118696123,28.34585669234517,116.26575955966584,1.0537400149163298,4.3773558185890774e-05,0.6019760748751051,1.0961161410722184,0.5052409346111391,0.24720751057597254,0.11172808751164164,0.19278782038290643,0.0,44.187663746908754,40.61198350957545,3.5756802373333016,113717.99182067788,113717.99182067788,116.26575955966584,104633.48160646777,41.138294673031055,12.792437980685861,220.3584782438497,366.05853196004267,0.003842939613395669,0.035260164829076075,0.038488037593577065,1.6812025830521125,0.0054545766446872325,0.0,True,
13,E,PG25,True,28.34585669234517,0.8844789360345107,1.1016022118696123,0.9355321374744648,1.1904728487943785,1.0410879005155065,1.0897746108093116,0.8844789360345107,1.1016022118696123,28.34585669234517,116.26575955966584,1.0537400149163298,4.3773558185890774e-05,0.6019760748751051,1.1019823877983463,0.5054947448714147,0.25131142201695533,0.11232895130744029,0.19201106019736372,0.0,44.17246344710469,40.55775527681658,3.614708170288111,106668.29864954835,106668.29864954835,116.26575955966584,104633.48160646777,41.138294673031,12.792437980685804,206.69784605711695,343.3655500345285,0.003842939613395669,0.035260164829076075,0.038488037593577065,1.6812025830521127,0.0054545766446872325,0.0,True,
14,baseline,water,True,36.014047071670404,0.889123310367211,0.9014399754784131,1.1950986756722182,0.761277455504093,1.0439615173730565,0.9709962383508786,0.889123310367211,0.9014399754784131,36.014047071670404,120.44307573356852,1.0947390643747417,2.1989257898714712e-05,0.743187509610196,0.5814628541295231,0.24448705898976272,1.0937782580080588,0.7219809151846448,1.2888426224449276,0.0,50.664971945876744,41.4069465617024,9.258025384174346,82523.06472719707,82523.06472719707,120.44307573356852,102884.54372867593,48.357248499191655,12.343201427521251,165.65552891173292,222.89869887428506,0.004082813812605295,0.038,0.038,1.7787873291156169,0.005694450843896859,-0.003692297779737667,False,
14,C,water,True,36.014047071670404,0.889123310367211,0.9014399754784131,1.1950986756722182,0.761277455504093,1.0439615173730565,0.9709962383508786,0.889123310367211,0.9014399754784131,36.014047071670404,120.44307573356852,1.0947390643747417,2.1989257898714712e-05,0.743187509610196,1.0898158779524982,0.4936533048556916,0.06498947917776535,0.02428530738121756,0.03641869076263161,0.0,48.72717684310538,47.92357130007264,0.8036055430327451,107984.53837195823,107984.53837195823,120.44307573356852,102884.54372867593,48.357248499191655,12.343201427521251,216.76649888647003,291.67134280844505,0.004082813812605295,0.038,0.038,1.7787873291156167,0.005694450843896859,-0.003692297779737667,False,
14,D,water,True,36.014047071670404,0.889123310367211,0.9014399754784131,1.1950986756722182,0.761277455504093,1.0439615173730565,0.9709962383508786,0.889123310367211,0.9014399754784131,36.014047071670404,120.44307573356852,1.0947390643747417,2.1989257898714712e-05,0.743187509610196,1.093434072879035,0.49431629059278936,0.06249931921777054,0.022748862388131737,0.03355234298197473,0.0,48.73114029208989,47.956596232761854,0.7745440593280364,116748.88098490404,116748.88098490404,120.44307573356852,102884.54372867593,48.35724849919171,12.343201427521308,234.35990523790295,315.3442465156948,0.003842939613395669,0.035260164829076075,0.038488037593577065,1.7393387992095457,0.0054545766446872325,-0.018102619764440612,False,
14,E,water,True,36.014047071670404,0.889123310367211,0.9014399754784131,1.1950986756722182,0.761277455504093,1.0439615173730565,0.9709962383508786,0.889123310367211,0.9014399754784131,36.014047071670404,120.44307573356852,1.0947390643747417,2.1989257898714712e-05,0.743187509610196,1.0943352387562642,0.4937263918646976,0.05817940601603327,0.023140841578263373,0.03410235817348077,0.0,48.66775706719358,47.95024498239707,0.7175120847965104,110447.52053070154,110447.52053070154,120.44307573356852,102884.54372867593,48.35724849919171,12.343201427521308,221.7106513310692,298.32397404977525,0.003842939613395669,0.035260164829076075,0.038488037593577065,1.739338799209546,0.0054545766446872325,-0.003692297779737667,False,
15,baseline,water,True,32.517232230124065,0.9662909921418674,1.0878868327864284,0.8444219600465056,1.174622929715446,0.9341983197511529,0.7855935254251984,0.9662909921418674,1.0878868327864284,32.517232230124065,101.12961011885625,1.0696590827931682,4.183588363003907e-05,0.5502125224981007,0.5623059183129311,0.24254687883713666,0.9852865958518755,0.610079129246356,1.0992189068159584,0.0,51.39654406464712,40.200783519177435,11.195760545469682,52196.65337605751,52196.65337605751,101.12961011885625,113021.59663350752,48.646813522816046,16.129581292691967,87.9771200904963,159.8966153861029,0.004082813812605295,0.038,0.038,1.4955004958358766,0.005694450843896859,-0.09131603110463465,False,
15,C,water,True,32.517232230124065,0.9662909921418674,1.0878868327864284,0.8444219600465056,1.174622929715446,0.9341983197511529,0.7855935254251984,0.9662909921418674,1.0878868327864284,32.517232230124065,101.12961011885625,1.0696590827931682,4.183588363003907e-05,0.5502125224981007,1.0676077759552902,0.4854202610704793,0.060824290374686264,0.01921422494042547,0.03101220819728686,0.0,49.135511794709544,48.16169686614097,0.9738149285685722,67779.95749550893,67779.95749550893,101.12961011885625,113021.59663350752,48.646813522816046,16.129581292691967,114.24267792322446,207.63372924435544,0.004082813812605295,0.038,0.038,1.4955004958358769,0.005694450843896859,-0.09131603110463465,False,
15,D,water,True,32.517232230124065,0.9662909921418674,1.0878868327864284,0.8444219600465056,1.174622929715446,0.9341983197511529,0.7855935254251984,0.9662909921418674,1.0878868327864284,32.517232230124065,101.12961011885625,1.0696590827931682,4.183588363003907e-05,0.5502125224981007,1.0744136153613337,0.48669384353563394,0.07045101474153889,0.02221509036845887,0.03518266117823203,0.0,49.23491479890487,48.105850008582195,1.1290647903226727,72920.50354700381,72920.50354700381,101.12961011885625,113021.59663350752,48.646813522816046,16.129581292691967,122.90703488965285,223.38102072200132,0.003842939613395669,0.035260164829076075,0.038488037593577065,1.4623344758913466,0.0054545766446872325,-0.09131603110463465,False,
15,E,water,True,32.517232230124065,0.9662909921418674,1.0878868327864284,0.8444219600465056,1.174622929715446,0.9341983197511529,0.7855935254251984,0.9662909921418674,1.0878868327864284,32.517232230124065,101.12961011885625,1.0696590827931682,4.183588363003907e-05,0.5502125224981007,1.0576931849797822,0.48562745971378923,0.05395008599214699,0.018889740082102036,0.03014856729103308,0.0,49.148151623265505,48.27759772180332,0.8705539014621877,69316.08404544796,69316.08404544796,101.12961011885625,113021.59663350752,48.646813522816046,16.129581292691967,116.83180924136708,212.339422430667,0.003842939613395669,0.035260164829076075,0.038488037593577065,1.4623344758913466,0.0054545766446872325,-0.09131603110463465,False,
16,baseline,PG25,True,36.50519219234018,0.7934802153399553,0.8512958519623348,0.8224296750438149,0.8065864019248598,0.9785939700891988,0.8874946498604648,0.7934802153399553,0.8512958519623348,36.50519219234018,101.17127313175116,0.94796417273909,1.5152995184025282e-05,0.6534900432861952,0.568212985835408,0.2450159440915053,1.0336942712312223,0.6554940016671797,1.1778600831644137,0.0,51.852740667838646,42.47919943094064,9.373541236898006,49452.723583947176,49452.723583947176,101.17127313175116,92339.796189391,49.50465932528277,12.999467132942584,83.38658341367521,127.60191875969586,0.004082813812605295,0.038,0.038,1.4963060485149084,0.005694450843896859,0.0,True,
16,C,PG25,True,36.50519219234018,0.7934802153399553,0.8512958519623348,0.8224296750438149,0.8065864019248598,0.9785939700891988,0.8874946498604648,0.7934802153399553,0.8512958519623348,36.50519219234018,101.17127313175116,0.94796417273909,1.5152995184025282e-05,0.6534900432861952,1.1102722934598968,0.5044171595166591,0.11285936849807374,0.042909047220823116,0.07317523478292119,0.0,50.52925864614713,49.03363023659506,1.4956284095520687,65076.51201018452,65076.51201018452,101.17127313175116,92339.796189391,49.50465932528277,12.999467132942584,109.73122618406772,167.9156818247207,0.004082813812605295,0.038,0.038,1.4963060485149078,0.005694450843896859,0.0,True,
16,D,PG25,True,36.50519219234018,0.7934802153399553,0.8512958519623348,0.8224296750438149,0.8065864019248598,0.9785939700891988,0.8874946498604648,0.7934802153399553,0.8512958519623348,36.50519219234018,101.17127313175116,0.94796417273909,1.5152995184025282e-05,0.6534900432861952,1.1099081763364926,0.5043180836207013,0.11269349998373576,0.042746826969758386,0.0733357409246008,0.0,50.531683609535264,49.03733717771286,1.4943464318224073,71090.07873863268,71090.07873863268,101.17127313175116,92339.796189391,49.50465932528277,12.999467132942584,119.87122955039841,183.4323732732083,0.003842939613395669,0.035260164829076075,0.038488037593577065,1.4631221636640852,0.0054545766446872325,0.0,True,
16,E,PG25,True,36.50519219234018,0.7934802153399553,0.8512958519623348,0.8224296750438149,0.8065864019248598,0.9785939700891988,0.8874946498604648,0.7934802153399553,0.8512958519623348,36.50519219234018,101.17127313175116,0.94796417273909,1.5152995184025282e-05,0.6534900432861952,1.1047021562847223,0.5043271285469477,0.108199709340406,0.04236086922326815,0.07261065824717375,0.0,50.52073555282766,49.0821575334885,1.438578019339161,66799.16289147807,66799.16289147807,101.17127313175116,92339.796189391,49.50465932528277,12.999467132942584,112.63593923110109,172.3606050134911,0.003842939613395669,0.035260164829076075,0.038488037593577065,1.4631221636640852,0.0054545766446872325,0.0,True,
17,baseline,water,True,26.73404657544168,0.8286379425851822,0.8321688694837117,0.8312901029257301,1.1185677260276523,1.275105700432353,1.1379064433729849,0.8286379425851822,0.8321688694837117,26.73404657544168,96.65976862684995,0.9712171847887494,9.06329638146008e-06,0.5409877758535491,0.545524670372044,0.23856819618534586,1.1177712482747972,0.7483034096575709,1.3346231211497106,0.0,43.688832827124145,32.848207865069696,10.840624962054449,47758.276272396455,47758.276272396455,96.65976862684995,95796.80578933124,41.01097319749431,14.276926622052656,76.93839890845032,142.21836858893894,0.004082813812605295,0.038,0.038,1.4272822079883951,0.005694450843896859,0.0,True,
17,C,water,True,26.73404657544168,0.8286379425851822,0.8321688694837117,0.8312901029257301,1.1185677260276523,1.275105700432353,1.1379064433729849,0.8286379425851822,0.8321688694837117,26.73404657544168,96.65976862684995,0.9712171847887494,9.06329638146008e-06,0.5409877758535491,1.1201660958760724,0.5146246244957092,0.09415838227528205,0.03862620658945165,0.06489556687951076,0.0,42.00197309011395,40.62586491459274,1.3761081755212103,64050.70003654948,64050.70003654948,96.65976862684995,95796.80578933124,41.010973197494366,14.276926622052713,103.18543076534405,190.73523538039686,0.004082813812605295,0.038,0.038,1.4272822079883951,0.005694450843896859,0.0,True,
17,D,water,True,26.73404657544168,0.8286379425851822,0.8321688694837117,0.8312901029257301,1.1185677260276523,1.275105700432353,1.1379064433729849,0.8286379425851822,0.8321688694837117,26.73404657544168,96.65976862684995,0.9712171847887494,9.06329638146008e-06,0.5409877758535491,1.119455741698981,0.5136221016893007,0.08997232102132084,0.0358373646749861,0.060463758519951685,0.0,41.929941341333006,40.62009266669821,1.309848674634793,70605.91106448471,70605.91106448471,96.65976862684995,95796.80578933124,41.01097319749431,14.276926622052656,113.7458504530173,210.2558607235692,0.003842939613395669,0.035260164829076075,0.038488037593577065,1.3956290789466976,0.0054545766446872325,0.0,True,
17,E,water,True,26.73404657544168,0.8286379425851822,0.8321688694837117,0.8312901029257301,1.1185677260276523,1.275105700432353,1.1379064433729849,0.8286379425851822,0.8321688694837117,26.73404657544168,96.65976862684995,0.9712171847887494,9.06329638146008e-06,0.5409877758535491,1.1285052293163158,0.5144358412726644,0.09996777145242641,0.03808944296157765,0.06436195353297464,0.0,41.99326395171806,40.541597841437124,1.4516661102809394,65805.27833961841,65805.27833961841,96.65976862684995,95796.80578933124,41.010973197494366,14.276926622052713,106.01204964554961,195.9601572850477,0.003842939613395669,0.035260164829076075,0.038488037593577065,1.3956290789466976,0.0054545766446872325,0.0,True,
18,baseline,PG25,True,36.76086997797622,0.7614869871042793,1.0740403598822368,0.9177919479707202,0.8708540092661835,0.7172923519407317,0.9465158697402537,0.7614869871042793,1.0740403598822368,36.76086997797622,116.55828144699812,1.0408433465711278,4.618042120904653e-05,0.6776493556587962,0.5775836062295686,0.24964181387467604,0.7247546032203378,0.3842249103183592,0.7031048139987124,0.0,49.629647754790085,43.330303659161245,6.29934409562884,69422.18131095628,69422.18131095628,116.55828144699812,91485.53186997255,47.94304440893063,11.182174430954433,134.86216913178293,199.01467920776344,0.004082813812605295,0.038,0.038,1.7223369994781352,0.005694450843896859,0.0,True,
18,C,PG25,True,36.76086997797622,0.7614869871042793,1.0740403598822368,0.9177919479707202,0.8708540092661835,0.7172923519407317,0.9465158697402537,0.7614869871042793,1.0740403598822368,36.76086997797622,116.55828144699812,1.0408433465711278,4.618042120904653e-05,0.6776493556587962,1.108718188063431,0.5056778971649107,0.36861666295624895,0.16235984972401746,0.2763395677096304,0.0,52.20512576255891,47.22410500459432,4.981020757964586,91210.46944118394,91210.46944118394,116.55828144699812,91485.53186997255,47.94304440893063,11.182174430954433,177.18892613397236,261.4758276597387,0.004082813812605295,0.038,0.038,1.7223369994781357,0.005694450843896859,0.0,True,
18,D,PG25,True,36.76086997797622,0.7614869871042793,1.0740403598822368,0.9177919479707202,0.8708540092661835,0.7172923519407317,0.9465158697402537,0.7614869871042793,1.0740403598822368,36.76086997797622,116.55828144699812,1.0408433465711278,4.618042120904653e-05,0.6776493556587962,1.1102819242142943,0.505487836788548,0.36942613248729017,0.16195327257921507,0.27580045502903244,0.0,52.19365013264729,47.21080300550244,4.982847127144851,99660.43017072322,99660.43017072322,116.55828144699812,91485.53186997255,47.943044408930575,11.182174430954376,193.6041411494677,285.69958715780064,0.003842939613395669,0.035260164829076075,0.038488037593577065,1.6841403800621286,0.0054545766446872325,0.0,True,
18,E,PG25,True,36.76086997797622,0.7614869871042793,1.0740403598822368,0.9177919479707202,0.8708540092661835,0.7172923519407317,0.9465158697402537,0.7614869871042793,1.0740403598822368,36.76086997797622,116.55828144699812,1.0408433465711278,4.618042120904653e-05,0.6776493556587962,1.1009177570261959,0.5054696772139036,0.3617411962792923,0.16195944588819236,0.2757156372701144,0.0,52.19184624204445,47.281084587508076,4.910761654536373,93605.20913258368,93605.20913258368,116.55828144699812,91485.53186997255,47.94304440893063,11.182174430954433,181.8410385163468,268.3409007886753,0.003842939613395669,0.035260164829076075,0.038488037593577065,1.6841403800621282,0.0054545766446872325,0.0,True,
19,baseline,PG25,True,26.877626321173356,0.846060130242356,1.1082144770230558,0.7765575434615647,1.2186068609624554,1.151194805300872,1.2515626842187946,0.846060130242356,1.1082144770230558,26.877626321173356,107.00352114592553,0.9961309090911785,4.903850976866022e-05,0.7646321245854103,0.5472455152194455,0.23724571318762144,0.8280959523372793,0.47406721835455184,0.8546321216693594,0.0,42.30255907199722,34.092541354235664,8.21001771776156,63022.17476483114,63022.17476483114,107.00352114592553,100696.35116087926,40.24862692846938,13.371000607296025,112.39324350184707,146.98995750771994,0.004082813812605295,0.038,0.038,1.582804752996173,0.005694450843896859,0.0,True,
19,C,PG25,True,26.877626321173356,0.846060130242356,1.1082144770230558,0.7765575434615647,1.2186068609624554,1.151194805300872,1.2515626842187946,0.846060130242356,1.1082144770230558,26.877626321173356,107.00352114592553,0.9961309090911785,4.903850976866022e-05,0.7646321245854103,1.1297760989855912,0.5194975669430735,0.3656561770142131,0.16470758930725224,0.281194867313506,0.0,45.46753814544229,39.493692251797995,5.973845893644295,85042.43207524465,85042.43207524465,107.00352114592553,100696.35116087926,40.24862692846938,13.371000607296025,151.66399464773963,198.34897040190808,0.004082813812605295,0.038,0.038,1.5828047529961724,0.005694450843896859,0.0,True,
19,D,PG25,True,26.877626321173356,0.846060130242356,1.1082144770230558,0.7765575434615647,1.2186068609624554,1.151194805300872,1.2515626842187946,0.846060130242356,1.1082144770230558,26.877626321173356,107.00352114592553,0.9961309090911785,4.903850976866022e-05,0.7646321245854103,1.1299340556303812,0.5180387228153297,0.36088159338340803,0.16142023610636597,0.2755101664224011,0.0,45.32199870032167,39.47337910707978,5.848619593241892,94335.1575045003,94335.1575045003,107.00352114592553,100696.35116087926,40.24862692846938,13.371000607296025,168.23656701395024,220.02288630649602,0.003842939613395669,0.035260164829076075,0.038488037593577065,1.5477025687091481,0.0054545766446872325,0.0,True,
19,E,PG25,True,26.877626321173356,0.846060130242356,1.1082144770230558,0.7765575434615647,1.2186068609624554,1.151194805300872,1.2515626842187946,0.846060130242356,1.1082144770230558,26.877626321173356,107.00352114592553,0.9961309090911785,4.903850976866022e-05,0.7646321245854103,1.1321662098066219,0.5192645686797893,0.3669104322460481,0.16416371739694469,0.28042615406679866,0.0,45.44772343321648,39.46959178555801,5.978131647658472,87452.19997453321,87452.19997453321,107.00352114592553,100696.35116087926,40.24862692846938,13.371000607296025,155.96155548721123,203.96939975779182,0.003842939613395669,0.035260164829076075,0.038488037593577065,1.547702568709148,0.0054545766446872325,0.0,True,
20,baseline,water,True,40.27093186042077,0.7592755738552043,1.1520633105009583,0.8081710070952931,1.0434641210125868,0.9555415880897389,0.86951340562218,0.7592755738552043,1.1520633105009583,40.27093186042077,121.43647185952712,1.0364664216359238,4.896710504654687e-05,0.6781009972292558,0.5574932781205535,0.2386438417982777,0.6454997488179063,0.34673615801224267,0.6035399575840777,0.0,52.845480701728206,47.11781561579636,5.7276650859318465,70530.31839924358,70530.31839924358,121.43647185952712,92125.39645567401,51.24949405852698,10.978562198106204,142.7492170922205,210.513209205559,0.004082813812605295,0.038,0.038,1.793009298321846,0.005694450843896859,-0.011970598829392642,False,
20,C,water,True,40.27093186042077,0.7592755738552043,1.1520633105009583,0.8081710070952931,1.0434641210125868,0.9555415880897389,0.86951340562218,0.7592755738552043,1.1520633105009583,40.27093186042077,121.43647185952712,1.0364664216359238,4.896710504654687e-05,0.6781009972292558,1.0957351715381838,0.4979773535162284,0.3982670818744097,0.17381671717456249,0.294070505062904,0.0,55.821220779771295,50.4555476570423,5.365673122728992,93150.52946069154,93150.52946069154,121.43647185952712,92125.39645567401,51.249494058527034,10.97856219810626,188.531194159222,278.02819186163566,0.004082813812605295,0.038,0.038,1.7930092983218455,0.005694450843896859,-0.011970598829392642,False,
20,D,water,True,40.27093186042077,0.7592755738552043,1.1520633105009583,0.8081710070952931,1.0434641210125868,0.9555415880897389,0.86951340562218,0.7592755738552043,1.1520633105009583,40.27093186042077,121.43647185952712,1.0364664216359238,4.896710504654687e-05,0.6781009972292558,1.0993901035556872,0.49836569444017464,0.40224650527213884,0.17458809116476326,0.2952112095527093,0.0,55.84637846483048,50.43234572935097,5.414032735479509,101198.7449302255,101198.7449302255,121.43647185952712,92125.39645567401,51.249494058527034,10.97856219810626,204.8203090156465,302.049856662281,0.003842939613395669,0.035260164829076075,0.038488037593577065,1.7532453648999233,0.0054545766446872325,-0.011970598829392642,False,
20,E,water,True,40.27093186042077,0.7592755738552043,1.1520633105009583,0.8081710070952931,1.0434641210125868,0.9555415880897389,0.86951340562218,0.7592755738552043,1.1520633105009583,40.27093186042077,121.43647185952712,1.0364664216359238,4.896710504654687e-05,0.6781009972292558,1.0855002238220375,0.4979909581082496,0.39044813154930363,0.1738649569554906,0.29495790541336586,0.0,55.84078493817884,50.53377244823747,5.307012489941371,95487.57865061887,95487.57865061887,121.43647185952712,92125.39645567401,51.24949405852698,10.978562198106204,193.26124429567102,285.00362790401897,0.003842939613395669,0.035260164829076075,0.038488037593577065,1.7532453648999233,0.0054545766446872325,-0.011970598829392642,False,
21,baseline,water,True,25.027541670377072,0.8643014385924007,1.0271808328820202,1.1082281294173277,1.0640900402518623,0.7910900424498818,0.7013518534202846,0.8643014385924007,1.0271808328820202,25.027541670377072,129.9791652143893,1.0893993717212387,8.278483945864708e-06,0.687963765006567,0.5717378231462505,0.2450051597565101,0.907363946824347,0.549024178769877,0.9724292492457016,0.0,38.216341456368525,30.73716047346045,7.479180982908076,92878.8126646727,92878.8126646727,129.9791652143893,101696.40828400996,36.291401837135936,11.263860166758889,201.20517560429676,292.4647864301053,0.004082813812605295,0.038,0.038,1.9168127995726247,0.005694450843896859,-0.08315971011991082,False,
21,C,water,True,25.027541670377072,0.8643014385924007,1.0271808328820202,1.1082281294173277,1.0640900402518623,0.7910900424498818,0.7013518534202846,0.8643014385924007,1.0271808328820202,25.027541670377072,129.9791652143893,1.0893993717212387,8.278483945864708e-06,0.687963765006567,1.0336766782684033,0.47037590748329616,0.05661823418087944,0.014644317757365398,0.02973482069121528,0.0,36.63669685876516,35.9977153296669,0.6389815290982597,118557.21815418219,118557.21815418219,129.9791652143893,101696.40828400996,36.29140183713588,11.263860166758832,256.832804097014,373.3231561905915,0.004082813812605295,0.038,0.038,1.9168127995726252,0.005694450843896859,-0.09871992389042963,False,
21,D,water,True,25.027541670377072,0.8643014385924007,1.0271808328820202,1.1082281294173277,1.0640900402518623,0.7910900424498818,0.7013518534202846,0.8643014385924007,1.0271808328820202,25.027541670377072,129.9791652143893,1.0893993717212387,8.278483945864708e-06,0.687963765006567,1.0382512764009857,0.4725274716440215,0.05607134874622403,0.01714707075061692,0.028050589719244807,0.0,36.61330278603782,35.983976065535444,0.6293267205023767,126324.5967228199,126324.5967228199,129.9791652143893,101696.40828400996,36.29140183713588,11.263860166758832,273.65942713460845,397.781745281303,0.003842939613395669,0.035260164829076075,0.038488037593577065,1.8762301979733618,0.0054545766446872325,-0.1662623462264097,False,
21,E,water,True,25.027541670377072,0.8643014385924007,1.0271808328820202,1.1082281294173277,1.0640900402518623,0.7910900424498818,0.7013518534202846,0.8643014385924007,1.0271808328820202,25.027541670377072,129.9791652143893,1.0893993717212387,8.278483945864708e-06,0.687963765006567,1.032555210927261,0.47082066397994826,0.0550596519779441,0.014607246708781519,0.029452081635169602,0.0,36.63331391159085,36.01162031792745,0.6216935936633945,120942.85591107306,120942.85591107306,129.9791652143893,101696.40828400996,36.29140183713588,11.263860166758832,262.00085749942406,380.83525735824634,0.003842939613395669,0.035260164829076075,0.038488037593577065,1.8762301979733618,0.0054545766446872325,-0.11946460003730672,False,
22,baseline,water,True,25.133643513322863,0.8716278272028349,0.829825625644233,0.8835425494445401,1.078030970059003,0.7465985721163901,0.8111177048473789,0.8716278272028349,0.829825625644233,25.133643513322863,92.59126293614102,1.026929526558536,2.034590289482054e-06,0.6002784056808748,0.559847087658341,0.24787847882409694,1.1530599247711477,0.7867809147529371,1.394817191029147,0.0,43.94144884869149,31.642231046669338,12.299217802022156,41706.974851930776,41706.974851930776,92.59126293614102,100258.79914216562,40.72425115731272,15.59060764398987,64.36169124643574,107.21973443877684,0.004082813812605295,0.038,0.038,1.367661261431661,0.005694450843896859,-0.056991259076226666,False,
22,C,water,True,25.133643513322863,0.8716278272028349,0.829825625644233,0.8835425494445401,1.078030970059003,0.7465985721163901,0.8111177048473789,0.8716278272028349,0.829825625644233,25.133643513322863,92.59126293614102,1.026929526558536,2.034590289482054e-06,0.6002784056808748,1.0776747143662646,0.49368302204889214,0.1402715144679664,0.056154931235060414,0.09729187054884672,0.0,41.48306796319878,39.341543974890556,2.141523988308222,54231.3839783515,54231.3839783515,92.59126293614102,100258.79914216562,40.72425115731272,15.59060764398987,83.68920555550616,139.4173183034636,0.004082813812605295,0.038,0.038,1.3676612614316608,0.005694450843896859,-0.056991259076226666,False,
22,D,water,True,25.133643513322863,0.8716278272028349,0.829825625644233,0.8835425494445401,1.078030970059003,0.7465985721163901,0.8111177048473789,0.8716278272028349,0.829825625644233,25.133643513322863,92.59126293614102,1.026929526558536,2.034590289482054e-06,0.6002784056808748,1.0820984180695146,0.49441520537683503,0.13742921810958494,0.05434599842494764,0.0946247769038217,0.0,41.476644374362195,39.37617166570482,2.100472708657378,58669.950022439865,58669.950022439865,92.59126293614102,100258.79914216562,40.72425115731272,15.59060764398987,90.53874614963304,150.8279246642866,0.003842939613395669,0.035260164829076075,0.038488037593577065,1.3373303582990281,0.0054545766446872325,-0.056991259076226666,False,
22,E,water,True,25.133643513322863,0.8716278272028349,0.829825625644233,0.8835425494445401,1.078030970059003,0.7465985721163901,0.8111177048473789,0.8716278272028349,0.829825625644233,25.133643513322863,92.59126293614102,1.026929526558536,2.034590289482054e-06,0.6002784056808748,1.0713328142404348,0.4936962197941288,0.13386691183048094,0.055142269038602684,0.09445250790262497,0.0,41.41906536718608,39.378414090022034,2.040651277164045,55551.29553982849,55551.29553982849,92.59126293614102,100258.79914216562,40.72425115731272,15.59060764398987,85.72607686285897,142.81052933367292,0.003842939613395669,0.035260164829076075,0.038488037593577065,1.3373303582990268,0.0054545766446872325,-0.056991259076226666,False,
23,baseline,PG25,True,37.270126843696794,0.9521460254405835,0.8532640493384186,1.1053994671185272,1.1166375227920098,1.1198535371942024,0.7707363188455449,0.9521460254405835,0.8532640493384186,37.270126843696794,128.9117155847343,0.9615099763712082,1.3651352262270343e-05,0.6971516784912247,0.575440961838881,0.24279523015750543,1.2350478784393168,0.8788698693067244,1.5653610625665677,0.0,51.794887722999704,41.9669677666746,9.827919956325104,101476.24524157311,101476.24524157311,128.9117155847343,108926.47184661365,49.308492947176205,12.038366103479405,218.02461441980702,312.7362683708311,0.004082813812605295,0.038,0.038,1.9056847157442398,0.005694450843896859,-0.07426429653945259,False,
23,C,PG25,True,37.270126843696794,0.9521460254405835,0.8532640493384186,1.1053994671185272,1.1166375227920098,1.1198535371942024,0.7707363188455449,0.9521460254405835,0.8532640493384186,37.270126843696794,128.9117155847343,0.9615099763712082,1.3651352262270343e-05,0.6971516784912247,1.0455356714204966,0.47311103041111935,0.30324273752292996,0.15433115409301176,0.2701241296832424,0.0,50.003681414151515,46.75116902285134,3.252512391300172,130192.06889486719,130192.06889486719,128.9117155847343,108926.47184661365,49.308492947176205,12.038366103479405,279.7213826127209,401.2346111223511,0.004082813812605295,0.038,0.038,1.9056847157442398,0.005694450843896859,-0.1923829473194818,False,
23,D,PG25,True,37.270126843696794,0.9521460254405835,0.8532640493384186,1.1053994671185272,1.1166375227920098,1.1198535371942024,0.7707363188455449,0.9521460254405835,0.8532640493384186,37.270126843696794,128.9117155847343,0.9615099763712082,1.3651352262270343e-05,0.6971516784912247,1.0532265597324304,0.475122617719834,0.2938046164189412,0.14811510442933168,0.2595020817249632,0.0,49.99911886659925,46.83103504803785,3.1680838185613993,138854.03072518547,138854.03072518547,128.9117155847343,108926.47184661365,49.30849294717626,12.038366103479461,298.3318552773178,427.929623468694,0.003842939613395669,0.035260164829076075,0.038488037593577065,1.8634219565767591,0.0054545766446872325,-0.26770435453964075,False,
23,E,PG25,True,37.270126843696794,0.9521460254405835,0.8532640493384186,1.1053994671185272,1.1166375227920098,1.1198535371942024,0.7707363188455449,0.9521460254405835,0.8532640493384186,37.270126843696794,128.9117155847343,0.9615099763712082,1.3651352262270343e-05,0.6971516784912247,1.0407835756713517,0.47346071725438166,0.29820841133683557,0.15293129251854368,0.2674142744470794,0.0,49.96531951842917,46.77141707899534,3.1939024394338276,132773.80981649173,132773.80981649173,128.9117155847343,108926.47184661365,49.30849294717626,12.038366103479461,285.2683268027531,409.19119268296197,0.003842939613395669,0.035260164829076075,0.038488037593577065,1.8634219565767591,0.0054545766446872325,-0.21483286837708654,False,
24,baseline,water,True,25.940975858705322,0.7971601087273099,0.8836154189147986,0.8749718736393123,1.0155070592549285,0.7960490010824004,0.9977667050457332,0.7971601087273099,0.8836154189147986,25.940975858705322,125.36968992105184,1.0542802298042038,7.070891433146716e-06,0.6129782090881742,0.5692681177619914,0.24160175511416263,1.0088765704768294,0.6301447308606484,1.129267361179409,0.0,38.60348351382913,30.96167961642874,7.6418038974003935,75481.29035938228,75481.29035938228,125.36968992105184,93084.66342622032,36.6332676157603,10.692291757054988,157.71776611994395,257.2975087557426,0.004082813812605295,0.038,0.038,1.8485944081908272,0.005694450843896859,-0.04474741600876537,False,
24,C,water,True,25.940975858705322,0.7971601087273099,0.8836154189147986,0.8749718736393123,1.0155070592549285,0.7960490010824004,0.9977667050457332,0.7971601087273099,0.8836154189147986,25.940975858705322,125.36968992105184,1.0542802298042038,7.070891433146716e-06,0.6129782090881742,1.1234593776108348,0.5098347364371976,0.17576993311948627,0.07215443350107784,0.1254219839694217,0.0,38.16704748904766,36.17295324236045,1.9940942466872116,100500.9931333542,100500.9931333542,125.36968992105184,93084.66342622032,36.6332676157603,10.692291757054988,209.99630576477296,342.58363943662783,0.004082813812605295,0.038,0.038,1.8485944081908272,0.005694450843896859,-0.04474741600876537,False,
24,D,water,True,25.940975858705322,0.7971601087273099,0.8836154189147986,0.8749718736393123,1.0155070592549285,0.7960490010824004,0.9977667050457332,0.7971601087273099,0.8836154189147986,25.940975858705322,125.36968992105184,1.0542802298042038,7.070891433146716e-06,0.6129782090881742,1.121112445628224,0.5092664538395633,0.1724020596399547,0.07069102864787918,0.12357803406278245,0.0,38.14131798488279,36.18582943132844,1.9554885535543463,110285.47118674972,110285.47118674972,125.36968992105184,93084.66342622032,36.6332676157603,10.692291757054988,230.44092209133183,375.9365645870519,0.003842939613395669,0.035260164829076075,0.038488037593577065,1.8096930977549772,0.0054545766446872325,-0.04474741600876537,False,
24,E,water,True,25.940975858705322,0.7971601087273099,0.8836154189147986,0.8749718736393123,1.0155070592549285,0.7960490010824004,0.9977667050457332,0.7971601087273099,0.8836154189147986,25.940975858705322,125.36968992105184,1.0542802298042038,7.070891433146716e-06,0.6129782090881742,1.1181624473982634,0.5096456974852518,0.1702746316008145,0.07155070121992928,0.1236431077046331,0.0,38.14222414482339,36.20762543319165,1.934598711631736,103227.624533829,103227.624533829,125.36968992105184,93084.66342622032,36.6332676157603,10.692291757054988,215.69358798488176,351.87806807314286,0.003842939613395669,0.035260164829076075,0.038488037593577065,1.8096930977549772,0.0054545766446872325,-0.04474741600876537,False,
25,baseline,water,True,43.56031920641405,0.9442697420493179,0.9804706410061999,0.9256453594063178,0.9601583032855038,1.246339692906814,1.2999946374565994,0.9442697420493179,0.9804706410061999,43.56031920641405,101.59001627161943,0.9544237783616585,1.2273989024251237e-05,0.5502488624804392,0.5707131262802779,0.24394044876302542,1.0729058593121021,0.695108164760127,1.250826204429797,0.0,61.9935365732851,50.50092851727737,11.492608056007725,52825.67865242664,52825.67865242664,101.59001627161943,109523.81342357799,59.178584797511746,15.618265591097668,89.4426925643227,162.5495274286047,0.004082813812605295,0.038,0.038,1.5038370643448995,0.005694450843896859,-0.058572013909325496,False,
25,C,water,True,43.56031920641405,0.9442697420493179,0.9804706410061999,0.9256453594063178,0.9601583032855038,1.246339692906814,1.2999946374565994,0.9442697420493179,0.9804706410061999,43.56031920641405,101.59001627161943,0.9544237783616585,1.2273989024251237e-05,0.5502488624804392,1.1549641870763567,0.5243075664267435,0.19173640703248984,0.08061835008399851,0.13823667994955377,0.0,61.682225410752494,58.48152481154983,3.200700599202662,71166.86884789365,71166.86884789365,101.59001627161943,109523.81342357799,59.178584797511746,15.618265591097668,120.49738940429538,218.98707588619308,0.004082813812605295,0.038,0.038,1.5038370643449,0.005694450843896859,-0.058572013909325496,False,
25,D,water,True,43.56031920641405,0.9442697420493179,0.9804706410061999,0.9256453594063178,0.9601583032855038,1.246339692906814,1.2999946374565994,0.9442697420493179,0.9804706410061999,43.56031920641405,101.59001627161943,0.9544237783616585,1.2273989024251237e-05,0.5502488624804392,1.1504029268178335,0.5224398578114589,0.18066755686811092,0.07552704074212331,0.12937897505348633,0.0,61.49798522500606,58.50167006786802,2.996315157138042,79269.19260525909,79269.19260525909,101.59001627161943,109523.81342357799,59.178584797511746,15.618265591097668,134.21597611010677,243.918679822583,0.003842939613395669,0.035260164829076075,0.038488037593577065,1.4704861626178436,0.0054545766446872325,-0.058572013909325496,False,
25,E,water,True,43.56031920641405,0.9442697420493179,0.9804706410061999,0.9256453594063178,0.9601583032855038,1.246339692906814,1.2999946374565994,0.9442697420493179,0.9804706410061999,43.56031920641405,101.59001627161943,0.9544237783616585,1.2273989024251237e-05,0.5502488624804392,1.1519856006191345,0.5238672016773233,0.18784193956221684,0.07936508289533613,0.13635523491838866,0.0,61.64277558551231,58.507049656791935,3.135725928720376,73277.81931340748,73277.81931340748,101.59001627161943,109523.81342357799,59.178584797511746,15.618265591097668,124.07158093996425,225.48266684399528,0.003842939613395669,0.035260164829076075,0.038488037593577065,1.4704861626178436,0.0054545766446872325,-0.058572013909325496,False,
26,baseline,PG25,True,27.922475700828006,0.8143375472656441,0.9753191758272217,0.9388624187529325,0.9443844442203766,1.0626802261980248,1.0723014567780673,0.8143375472656441,0.9753191758272217,27.922475700828006,105.62938186125088,1.0537286092919267,4.939361053090905e-05,0.5818668461978609,0.5706308675852547,0.25212170659420086,0.9078420832652864,0.5235146408258935,0.9666934106469517,0.0,42.95567444558998,34.488792583253485,8.466881862336493,62337.84782281561,62337.84782281561,105.62938186125088,95901.40193676503,40.826461712988305,12.903986012160317,109.74513886807895,188.6086818405197,0.004082813812605295,0.038,0.038,1.562125746128404,0.005694450843896859,0.0,True,
26,C,PG25,True,27.922475700828006,0.8143375472656441,0.9753191758272217,0.9388624187529325,0.9443844442203766,1.0626802261980248,1.0723014567780673,0.8143375472656441,0.9753191758272217,27.922475700828006,105.62938186125088,1.0537286092919267,4.939361053090905e-05,0.5818668461978609,1.104990688256609,0.5086513707252397,0.22984564311177333,0.10318534011703054,0.1785719018998566,0.0,43.62634178300732,40.31536330756899,3.3109784754383327,81837.13216401543,81837.13216401543,105.62938186125088,95901.40193676503,40.826461712988305,12.903986012160317,144.07342806304072,247.6054942887213,0.004082813812605295,0.038,0.038,1.5621257461284042,0.005694450843896859,0.0,True,
26,D,PG25,True,27.922475700828006,0.8143375472656441,0.9753191758272217,0.9388624187529325,0.9443844442203766,1.0626802261980248,1.0723014567780673,0.8143375472656441,0.9753191758272217,27.922475700828006,105.62938186125088,1.0537286092919267,4.939361053090905e-05,0.5818668461978609,1.1052099790052814,0.5081617771995028,0.2287908319073812,0.10199845331379248,0.17714834940562862,0.0,43.5992253718598,40.30907518298034,3.2901501888794655,89678.54068801884,89678.54068801884,105.62938186125088,95901.40193676503,40.826461712988305,12.903986012160317,157.87814698490777,271.33037054189214,0.003842939613395669,0.035260164829076075,0.038488037593577065,1.527482164400268,0.0054545766446872325,0.0,True,
26,E,PG25,True,27.922475700828006,0.8143375472656441,0.9753191758272217,0.9388624187529325,0.9443844442203766,1.0626802261980248,1.0723014567780673,0.8143375472656441,0.9753191758272217,27.922475700828006,105.62938186125088,1.0537286092919267,4.939361053090905e-05,0.5818668461978609,1.1007876418110112,0.5085459609808779,0.22500607023867658,0.10292206388968586,0.17662439146004177,0.0,43.589268368275214,40.3470790218945,3.2421893463807123,83960.48546707554,83960.48546707554,105.62938186125088,95901.40193676503,40.826461712988305,12.903986012160317,147.8115696776288,254.02988784029503,0.003842939613395669,0.035260164829076075,0.038488037593577065,1.5274821644002679,0.0054545766446872325,0.0,True,
27,baseline,PG25,True,32.258401281132585,0.8334359379023941,1.0050679712328723,0.8812028747673365,1.2053952559761014,0.9079878208522545,0.7233623207869896,0.8334359379023941,1.0050679712328723,32.258401281132585,94.33982177803009,0.9304074243854387,1.926120989002935e-05,0.7127369465959663,0.5652861880999882,0.24127907673925642,0.9154719921687142,0.5436761320183102,0.9787727625882441,0.0,49.602546293644195,39.749946195955204,9.852600097688992,48947.74404044911,48947.74404044911,94.33982177803009,98227.2704759688,47.0692974499907,14.810896168858108,76.9620241535434,107.98096621918401,0.004082813812605295,0.038,0.038,1.396494740561496,0.005694450843896859,-0.02563044228475319,False,
27,C,PG25,True,32.258401281132585,0.8334359379023941,1.0050679712328723,0.8812028747673365,1.2053952559761014,0.9079878208522545,0.7233623207869896,0.8334359379023941,1.0050679712328723,32.258401281132585,94.33982177803009,0.9304074243854387,1.926120989002935e-05,0.7127369465959663,1.0524594933681382,0.4762805460934583,0.08823202498265433,0.029782107108851322,0.050287415757172875,0.0,47.85205506069286,46.542543070564534,1.3095119901283283,63011.33258478282,63011.33258478282,94.33982177803009,98227.2704759688,47.0692974499907,14.810896168858108,99.07463143407651,139.00588696468904,0.004082813812605295,0.038,0.038,1.396494740561496,0.005694450843896859,-0.02563044228475319,False,
27,D,PG25,True,32.258401281132585,0.8334359379023941,1.0050679712328723,0.8812028747673365,1.2053952559761014,0.9079878208522545,0.7233623207869896,0.8334359379023941,1.0050679712328723,32.258401281132585,94.33982177803009,0.9304074243854387,1.926120989002935e-05,0.7127369465959663,1.0581271177952396,0.47812342654973616,0.09892275398218425,0.03400693591285436,0.058533244734733265,0.0,47.98837172957042,46.513181725583706,1.475190003986711,67417.54066681713,67417.54066681713,94.33982177803009,98227.2704759688,47.0692974499907,14.810896168858108,106.0026461870104,148.7261838933415,0.003842939613395669,0.035260164829076075,0.038488037593577065,1.3655243914731088,0.0054545766446872325,-0.02563044228475319,False,
27,E,PG25,True,32.258401281132585,0.8334359379023941,1.0050679712328723,0.8812028747673365,1.2053952559761014,0.9079878208522545,0.7233623207869896,0.8334359379023941,1.0050679712328723,32.258401281132585,94.33982177803009,0.9304074243854387,1.926120989002935e-05,0.7127369465959663,1.0480373288107423,0.4766180859266583,0.08602012152836265,0.030171861860610338,0.05177921742703666,0.0,47.876541584345375,46.593781960056674,1.2827596242887012,64349.11421814417,64349.11421814417,94.33982177803009,98227.2704759688,47.0692974499907,14.810896168858108,101.17806611523038,141.95709454723388,0.003842939613395669,0.035260164829076075,0.038488037593577065,1.365524391473109,0.0054545766446872325,-0.02563044228475319,False,
28,baseline,water,True,37.94955076261979,0.779706744647823,1.0008516970995018,1.0512441066985403,1.2948012801195832,1.2634921977062294,1.207411409739166,0.779706744647823,1.0008516970995018,37.94955076261979,109.81683448196932,0.9451934669106724,1.6369249285944296e-05,0.6325519952247133,0.5592301481565515,0.24636324985733568,0.8339169135940558,0.47253395873872217,0.8525358891540107,0.0,52.176361267515006,44.52944959108254,7.646911676432467,70530.71701164432,70530.71701164432,109.81683448196932,92570.88908086313,50.138388835132275,12.18883807251251,129.09100126603937,204.0796681388697,0.004082813812605295,0.038,0.038,1.6219842328520624,0.005694450843896859,0.0,True,
28,C,water,True,37.94955076261979,0.779706744647823,1.0008516970995018,1.0512441066985403,1.2948012801195832,1.2634921977062294,1.207411409739166,0.779706744647823,1.0008516970995018,37.94955076261979,109.81683448196932,0.9451934669106724,1.6369249285944296e-05,0.6325519952247133,1.1057036419329005,0.5088042404559677,0.29288823962799204,0.1324459257747569,0.22647097277504946,0.0,53.70597072972407,49.55185276468484,4.154117965039234,93479.54792632104,93479.54792632104,109.81683448196932,92570.88908086313,50.138388835132275,12.18883807251251,171.0938007012353,270.48179753263514,0.004082813812605295,0.038,0.038,1.6219842328520622,0.005694450843896859,0.0,True,
28,D,water,True,37.94955076261979,0.779706744647823,1.0008516970995018,1.0512441066985403,1.2948012801195832,1.2634921977062294,1.207411409739166,0.779706744647823,1.0008516970995018,37.94955076261979,109.81683448196932,0.9451934669106724,1.6369249285944296e-05,0.6325519952247133,1.105480454062915,0.5082919412275688,0.29150394140401487,0.13127675630409202,0.22508637772223744,0.0,53.67782699303035,49.54952590645627,4.1283010865740835,102340.55863980873,102340.55863980873,109.81683448196932,92570.88908086313,50.138388835132275,12.18883807251251,187.31193648233585,296.1210112313274,0.003842939613395669,0.035260164829076075,0.038488037593577065,1.5860131572380638,0.0054545766446872325,0.0,True,
28,E,water,True,37.94955076261979,0.779706744647823,1.0008516970995018,1.0512441066985403,1.2948012801195832,1.2634921977062294,1.207411409739166,0.779706744647823,1.0008516970995018,37.94955076261979,109.81683448196932,0.9451934669106724,1.6369249285944296e-05,0.6325519952247133,1.1086696394882893,0.508649891814251,0.29458240867656876,0.1320968722227211,0.22562014826895418,0.0,53.68866467494502,49.524509035670064,4.164155639274952,95828.91628355278,95828.91628355278,109.81683448196932,92570.88908086313,50.138388835132275,12.18883807251251,175.3938039682902,277.27966284571085,0.003842939613395669,0.035260164829076075,0.038488037593577065,1.5860131572380638,0.0054545766446872325,0.0,True,
29,baseline,water,True,39.24749621487347,0.7538163728183045,0.8735358804128818,1.1587209059099512,0.7282752520569522,1.0976577389012243,0.8403448843003524,0.7538163728183045,0.8735358804128818,39.24749621487347,114.05631905022048,0.9618472751502039,8.237009234200948e-06,0.7457818343173108,0.6029601069399809,0.2579490268789854,0.9350682309861348,0.5430460944580461,1.0013953783983778,0.0,52.455447558534104,44.85303620428141,7.602411354252695,70669.73718284472,70669.73718284472,114.05631905022048,88447.08974763878,50.46567113734915,11.218174922475669,134.3388348553628,180.13154608188685,0.004082813812605295,0.038,0.038,1.6840631465666278,0.005694450843896859,0.0,True,
29,C,water,True,39.24749621487347,0.7538163728183045,0.8735358804128818,1.1587209059099512,0.7282752520569522,1.0976577389012243,0.8403448843003524,0.7538163728183045,0.8735358804128818,39.24749621487347,114.05631905022048,0.9618472751502039,8.237009234200948e-06,0.7457818343173108,1.0874767048698388,0.4883978244395542,0.1131326407224578,0.04074700812151075,0.06492116253928726,0.0,51.24437158521761,49.9677569981767,1.2766145870409105,90489.94030089669,90489.94030089669,114.05631905022048,88447.08974763878,50.46567113734909,11.218174922475612,172.01582502990794,230.65166931475522,0.004082813812605295,0.038,0.038,1.684063146566628,0.005694450843896859,0.0,True,
29,D,water,True,39.24749621487347,0.7538163728183045,0.8735358804128818,1.1587209059099512,0.7282752520569522,1.0976577389012243,0.8403448843003524,0.7538163728183045,0.8735358804128818,39.24749621487347,114.05631905022048,0.9618472751502039,8.237009234200948e-06,0.7457818343173108,1.0925356993632391,0.4894416244152995,0.12075358953855567,0.04309946588605353,0.06967592713171768,0.0,51.30567253976011,49.9410647965895,1.364607743170609,97387.43967479056,97387.43967479056,114.05631905022048,88447.08974763878,50.46567113734915,11.218174922475669,185.12754818386688,248.23284728211803,0.003842939613395669,0.035260164829076075,0.038488037593577065,1.6467153342038787,0.0054545766446872325,0.0,True,
29,E,water,True,39.24749621487347,0.7538163728183045,0.8735358804128818,1.1587209059099512,0.7282752520569522,1.0976577389012243,0.8403448843003524,0.7538163728183045,0.8735358804128818,39.24749621487347,114.05631905022048,0.9618472751502039,8.237009234200948e-06,0.7457818343173108,1.0760687674564289,0.48849674176320396,0.1046781360726433,0.040471613127349836,0.0651879501148932,0.0,51.24779464574095,50.05671470570218,1.191079940038776,92516.96971021256,92516.96971021256,114.05631905022048,88447.08974763878,50.46567113734909,11.218174922475612,175.8690835804598,235.81840625207838,0.003842939613395669,0.035260164829076075,0.038488037593577065,1.6467153342038787,0.0054545766446872325,0.0,True,
30,baseline,water,True,28.32977810711646,0.7920474241989253,1.0035110931461722,1.1461165349803613,0.9598330969091664,0.8176699721257703,0.8412052240316084,0.7920474241989253,1.0035110931461722,28.32977810711646,97.89210049485501,0.9843984817645214,4.2705912133369105e-05,0.7479349724561437,0.5814094069462894,0.2448334138529787,0.841575337482316,0.4884906386968595,0.8684817934034311,0.0,44.45749569587417,35.72721544243694,8.730280253437229,54027.50526776281,54027.50526776281,97.89210049485501,93888.93488587906,42.1532002693898,13.823422162273346,88.14776625263578,117.85485302708513,0.004082813812605295,0.038,0.038,1.4454988714181154,0.005694450843896859,0.0,True,
30,C,water,True,28.32977810711646,0.7920474241989253,1.0035110931461722,1.1461165349803613,0.9598330969091664,0.8176699721257703,0.8412052240316084,0.7920474241989253,1.0035110931461722,28.32977810711646,97.89210049485501,0.9843984817645214,4.2705912133369105e-05,0.7479349724561437,1.0666923653526794,0.48318420661291084,0.1710201029840497,0.06838897169281924,0.12068277789255924,0.0,44.05063552784219,41.54996636138651,2.5006691664556797,69916.49932482191,69916.49932482191,97.89210049485501,93888.93488587906,42.1532002693898,13.823422162273346,114.0712163025655,152.51488498788476,0.004082813812605295,0.038,0.038,1.4454988714181154,0.005694450843896859,0.0,True,
30,D,water,True,28.32977810711646,0.7920474241989253,1.0035110931461722,1.1461165349803613,0.9598330969091664,0.8176699721257703,0.8412052240316084,0.7920474241989253,1.0035110931461722,28.32977810711646,97.89210049485501,0.9843984817645214,4.2705912133369105e-05,0.7479349724561437,1.0723030892605494,0.48457197431737425,0.17983753907407884,0.07154605994445802,0.1262897408146867,0.0,44.15153234160323,41.515556311018486,2.635976030584743,75047.9361638462,75047.9361638462,97.89210049485501,93888.93488587906,42.1532002693898,13.823422162273346,122.44333514804495,163.7085303632123,0.003842939613395669,0.035260164829076075,0.038488037593577065,1.4134417477108758,0.0054545766446872325,0.0,True,
30,E,water,True,28.32977810711646,0.7920474241989253,1.0035110931461722,1.1461165349803613,0.9598330969091664,0.8176699721257703,0.8412052240316084,0.7920474241989253,1.0035110931461722,28.32977810711646,97.89210049485501,0.9843984817645214,4.2705912133369105e-05,0.7479349724561437,1.0593891010764405,0.48341047833349177,0.1652681864932585,0.06878811813973312,0.12053044199164295,0.0,44.047912206507476,41.61971618084755,2.428196025659929,71418.24104593019,71418.24104593019,97.89210049485501,93888.93488587906,42.1532002693898,13.823422162273346,116.52136049389964,155.79076361579288,0.003842939613395669,0.035260164829076075,0.038488037593577065,1.4134417477108763,0.0054545766446872325,0.0,True,
31,baseline,water,True,36.93947561648946,0.9819284738187128,1.0301578466818244,0.9374833632174135,0.9655927091576281,1.2091764131631628,0.9730113480040621,0.9819284738187128,1.0301578466818244,36.93947561648946,115.9068145049273,1.0663313243541606,1.4764906231080904e-05,0.6579835769034971,0.5567251205529119,0.24211621466390254,1.0509837922119358,0.6880661536315245,1.2116779413228465,0.0,53.84481645910586,43.36829784856633,10.476518610539529,69247.45721787198,69247.45721787198,115.9068145049273,114009.89423564277,51.157019895692315,14.217544279202855,133.77086964482962,203.30426828335425,0.004082813812605295,0.038,0.038,1.713391452298124,0.005694450843896859,0.0,True,
31,C,water,True,36.93947561648946,0.9819284738187128,1.0301578466818244,0.9374833632174135,0.9655927091576281,1.2091764131631628,0.9730113480040621,0.9819284738187128,1.0301578466818244,36.93947561648946,115.9068145049273,1.0663313243541606,1.4764906231080904e-05,0.6579835769034971,1.1002880973978675,0.5016358326917449,0.07356898696664622,0.02598453623175168,0.04224016897494553,0.0,51.783904173188205,50.73486488876836,1.0490392844198482,91410.24889619445,91410.24889619445,115.9068145049273,114009.89423564277,51.157019895692315,14.217544279202855,176.58451271100742,268.3722191700024,0.004082813812605295,0.038,0.038,1.7133914522981237,0.005694450843896859,0.0,True,
31,D,water,True,36.93947561648946,0.9819284738187128,1.0301578466818244,0.9374833632174135,0.9655927091576281,1.2091764131631628,0.9730113480040621,0.9819284738187128,1.0301578466818244,36.93947561648946,115.9068145049273,1.0663313243541606,1.4764906231080904e-05,0.6579835769034971,1.099480487004094,0.5017004109988398,0.07385142784331424,0.025968676905119958,0.04336276969448232,0.0,51.80131946776862,50.74625756102358,1.0550619067450384,99535.80142239675,99535.80142239675,115.9068145049273,114009.89423564277,51.157019895692315,14.217544279202855,192.281294534417,292.22810611672435,0.003842939613395669,0.035260164829076075,0.038488037593577065,1.67539322010901,0.0054545766446872325,0.0,True,
31,E,water,True,36.93947561648946,0.9819284738187128,1.0301578466818244,0.9374833632174135,0.9655927091576281,1.2091764131631628,0.9730113480040621,0.9819284738187128,1.0301578466818244,36.93947561648946,115.9068145049273,1.0663313243541606,1.4764906231080904e-05,0.6579835769034971,1.1014272798385216,0.5016618189984684,0.0734105832248514,0.02591031058952037,0.04094437042454429,0.0,51.76385266710787,50.71968839794772,1.0441642691601487,93679.87392033864,93679.87392033864,115.9068145049273,114009.89423564277,51.157019895692315,14.217544279202855,180.9689294888278,275.035632865605,0.003842939613395669,0.035260164829076075,0.038488037593577065,1.6753932201090105,0.0054545766446872325,0.0,True,
