parameter,value,units,classification,confidence,source,reference,range,notes
compute trays,18,trays,Published,HIGH,NVIDIA hardware,https://docs.nvidia.com/dgx/dgxgb200-user-guide/hardware.html,,4 GPUs + 2 Grace CPUs per compute tray.
switch trays,9,trays,Published,HIGH,NVIDIA hardware,https://docs.nvidia.com/dgx/dgxgb200-user-guide/hardware.html,,NVLink switch trays.
switch aggregate electrical reference,11160,W/rack,Published,HIGH,NVIDIA DPS,https://docs.nvidia.com/datacenter/dps/versions/latest/guides/runbooks/maxlps-simple-mode-pilot.html,,"Recommended aggregate static power-model input, not measured liquid heat."
switch tray electrical reference,1240,W/tray,Derived,MEDIUM,NVIDIA DPS,https://docs.nvidia.com/datacenter/dps/versions/latest/guides/runbooks/maxlps-simple-mode-pilot.html,,"11160 / 9, assuming equal distribution."
rack power context,120,kW,Estimated,LOW,NVIDIA hardware,https://docs.nvidia.com/dgx/dgxgb200-user-guide/hardware.html,,Approximate context only; actual simulation uses the sum of configured tray electrical loads.
manifold velocity advisory,1.5,m/s,Published,HIGH,OCP manifold,https://www.opencompute.org/documents/ocp-white-paper-rack-manifold-requirements-and-qualification-v3-pdf,,"Table 3 guideline; applicability depends on geometry/materials. Report separately, not universal NVL72 hard limit."
disconnected branch flow,0,kg/s,Derived,MEDIUM,OCP loop,https://www.opencompute.org/documents/cold-plate-cooling-loop-requirements-rev-2-pdf,,"Both ends of dripless QD close; excludes air purge, residual spills and pressure surge."
duration_s,300.0,s,User-adjustable assumption,LOW,Engineering assumption,Engineering assumption,User editable,Synthetic scenario/control assumption; not published NVL72 data.
dt_s,2.0,s,User-adjustable assumption,LOW,Engineering assumption,Engineering assumption,User editable,Synthetic scenario/control assumption; not published NVL72 data.
seed,72,dimensionless / selection,User-adjustable assumption,LOW,Engineering assumption,Engineering assumption,User editable,Synthetic scenario/control assumption; not published NVL72 data.
scenario,heterogeneous,dimensionless / selection,User-adjustable assumption,LOW,Engineering assumption,Engineering assumption,User editable,Synthetic scenario/control assumption; not published NVL72 data.
low_load,0.3,dimensionless / selection,User-adjustable assumption,LOW,Measured H100 training workload,https://arxiv.org/abs/2412.08602,User editable,Synthetic scenario/control assumption; not published NVL72 data. Motivates fluctuating traces only; numerical settings are synthetic and are not fitted NVL72 telemetry.
high_load,1.0,dimensionless / selection,User-adjustable assumption,LOW,Measured H100 training workload,https://arxiv.org/abs/2412.08602,User editable,Synthetic scenario/control assumption; not published NVL72 data. Motivates fluctuating traces only; numerical settings are synthetic and are not fitted NVL72 telemetry.
spike_s,40.0,s,User-adjustable assumption,LOW,Measured H100 training workload,https://arxiv.org/abs/2412.08602,User editable,Synthetic scenario/control assumption; not published NVL72 data. Motivates fluctuating traces only; numerical settings are synthetic and are not fitted NVL72 telemetry.
duty,0.4,dimensionless / selection,User-adjustable assumption,LOW,Measured H100 training workload,https://arxiv.org/abs/2412.08602,User editable,Synthetic scenario/control assumption; not published NVL72 data. Motivates fluctuating traces only; numerical settings are synthetic and are not fitted NVL72 telemetry.
correlation,0.4,fraction,User-adjustable assumption,LOW,Measured H100 training workload,https://arxiv.org/abs/2412.08602,0–1,"Probability of shared burst state, not an asserted Pearson correlation coefficient. Motivates fluctuating traces only; numerical settings are synthetic and are not fitted NVL72 telemetry."
ramp_per_s,0.2,utilization fraction/s,User-adjustable assumption,LOW,Measured H100 training workload,https://arxiv.org/abs/2412.08602,User editable,Synthetic scenario/control assumption; not published NVL72 data. Motivates fluctuating traces only; numerical settings are synthetic and are not fitted NVL72 telemetry.
localized_count,4,dimensionless / selection,User-adjustable assumption,LOW,Engineering assumption,Engineering assumption,User editable,Synthetic scenario/control assumption; not published NVL72 data.
compute_power_scale,1.0,dimensionless / selection,User-adjustable assumption,LOW,Engineering assumption,Engineering assumption,User editable,Synthetic scenario/control assumption; not published NVL72 data.
switch_power_scale,1.0,dimensionless / selection,User-adjustable assumption,LOW,Engineering assumption,Engineering assumption,User editable,Synthetic scenario/control assumption; not published NVL72 data.
compute_liquid_fraction,1.0,fraction,User-adjustable assumption,LOW,Engineering assumption,Engineering assumption,.7–1,"Fraction of electrical-equivalent tray load entering liquid. 1 reproduces legacy heat assignment, not a measured fraction."
switch_liquid_fraction,1.0,fraction,User-adjustable assumption,LOW,Engineering assumption,Engineering assumption,.5–1,Separates electrical power from liquid heat; no verified NVL72 calorimetry.
compute_C_J_K,12000.0,J/K,User-adjustable assumption,LOW,Engineering assumption,Engineering assumption,3000–30000,Effective tray thermal inertia; requires transient test identification.
switch_C_J_K,4000.0,J/K,User-adjustable assumption,LOW,Engineering assumption,Engineering assumption,1000–12000,Effective tray thermal inertia; not a published NVSwitch value.
compute_R_K_W,0.004,K/W,User-adjustable assumption,LOW,Engineering assumption,Engineering assumption,.002–.008,"Equivalent whole-tray solid-to-mixed-coolant resistance, not per-GPU junction R."
switch_R_K_W,0.012,K/W,User-adjustable assumption,LOW,Engineering assumption,Engineering assumption,.006–.024,"Equivalent whole-tray resistance, not per-ASIC junction R."
coolant_C_J_K,1200.0,J/K,User-adjustable assumption,LOW,Engineering assumption,Engineering assumption,400–4000,Well-mixed local coolant thermal storage; not total CDU inventory.
chip_limit_C,80.0,°C,User-adjustable assumption,LOW,Engineering assumption,Engineering assumption,65–90,"User screening target for representative thermal node, not NVIDIA throttle specification."
outlet_limit_C,65.0,°C,User-adjustable assumption,LOW,Engineering assumption,Engineering assumption,User editable,Synthetic scenario/control assumption; not published NVL72 data.
target_rise_K,15.0,K,User-adjustable assumption,LOW,Engineering assumption,Engineering assumption,8–20,Power-derived target flow uses this coolant temperature rise.
minimum_flow_fraction,0.15,fraction,User-adjustable assumption,LOW,Engineering assumption,Engineering assumption,.05–.3,"Minimum flow relative to frozen design flow, not a published cold-plate minimum."
controller,combined,dimensionless / selection,User-adjustable assumption,LOW,Engineering assumption,Engineering assumption,User editable,Synthetic scenario/control assumption; not published NVL72 data.
control_s,2.0,s,User-adjustable assumption,LOW,Engineering assumption,Engineering assumption,User editable,Synthetic scenario/control assumption; not published NVL72 data.
sensor_s,2.0,s,User-adjustable assumption,LOW,Engineering assumption,Engineering assumption,User editable,Synthetic scenario/control assumption; not published NVL72 data.
sensor_noise_K,0.1,K,User-adjustable assumption,LOW,Engineering assumption,Engineering assumption,User editable,Synthetic scenario/control assumption; not published NVL72 data.
sensor_bias_K,0.0,K,User-adjustable assumption,LOW,Engineering assumption,Engineering assumption,User editable,Synthetic scenario/control assumption; not published NVL72 data.
temperature_target_C,72.0,°C,User-adjustable assumption,LOW,Engineering assumption,Engineering assumption,55–78,Controller setpoint below screening limit; tuning assumption.
kp_per_K,0.025,1/K,User-adjustable assumption,LOW,Engineering assumption,Engineering assumption,User editable,Synthetic scenario/control assumption; not published NVL72 data.
ki_per_K_s,0.0005,1/(K s),User-adjustable assumption,LOW,Engineering assumption,Engineering assumption,User editable,Synthetic scenario/control assumption; not published NVL72 data.
flow_gain,0.3,dimensionless / selection,User-adjustable assumption,LOW,Engineering assumption,Engineering assumption,User editable,Synthetic scenario/control assumption; not published NVL72 data.
valve_min_area_fraction,0.015,dimensionless / selection,User-adjustable assumption,LOW,Engineering assumption,Engineering assumption,User editable,Synthetic scenario/control assumption; not published NVL72 data.
valve_max_bore_fraction,0.95,dimensionless / selection,User-adjustable assumption,LOW,Engineering assumption,Engineering assumption,User editable,Synthetic scenario/control assumption; not published NVL72 data.
valve_Cd,0.62,dimensionless,User-adjustable assumption,LOW,Engineering assumption,Engineering assumption,.5–.8,Effective-area surrogate; must replace with measured Cv versus stroke for hardware selection.
valve_body_K,2.0,dimensionless,User-adjustable assumption,LOW,Engineering assumption,Engineering assumption,.5–10,"Additional full-open body loss, referenced to branch tube velocity."
valve_tau_s,15.0,s,User-adjustable assumption,LOW,Engineering assumption,Engineering assumption,User editable,Synthetic scenario/control assumption; not published NVL72 data.
valve_stroke_s,90.0,s,User-adjustable assumption,LOW,Belimo LRB24-SR,https://www.belimo.com/us/shop/en_US/p?code=LRB24-SR,5–120,90 s representative motorized HVAC actuator; not an NVL72 valve or validated coolant-compatible selection. Default matches manufacturer; current setting may be an override.
valve_deadband,0.005,dimensionless / selection,User-adjustable assumption,LOW,Engineering assumption,Engineering assumption,User editable,Synthetic scenario/control assumption; not published NVL72 data.
valve_running_W,1.5,W/valve,User-adjustable assumption,LOW,Belimo LRB24-SR,https://www.belimo.com/us/shop/en_US/p?code=LRB24-SR,.5–6,Representative Belimo actuator running power. Default matches manufacturer; current setting may be an override.
valve_holding_W,0.4,W/valve,User-adjustable assumption,LOW,Belimo LRB24-SR,https://www.belimo.com/us/shop/en_US/p?code=LRB24-SR,0–3,Representative Belimo actuator holding power. Default matches manufacturer; current setting may be an override.
electronics_W,5.0,W,User-adjustable assumption,LOW,Engineering assumption,Engineering assumption,User editable,Synthetic scenario/control assumption; not published NVL72 data.
fail_position,1.0,fraction open,User-adjustable assumption,LOW,Engineering assumption,Engineering assumption,0–1,"Commanded communications-loss position, assuming control power remains. The cited LRB24-SR is NON fail-safe; mechanical fail-open requires different hardware."
controlled_branches,27,dimensionless / selection,User-adjustable assumption,LOW,Engineering assumption,Engineering assumption,User editable,Synthetic scenario/control assumption; not published NVL72 data.
pump_mode,demand,dimensionless / selection,User-adjustable assumption,LOW,Engineering assumption,Engineering assumption,User editable,Synthetic scenario/control assumption; not published NVL72 data.
pump_tau_s,10.0,s,User-adjustable assumption,LOW,Engineering assumption,Engineering assumption,User editable,Synthetic scenario/control assumption; not published NVL72 data.
pump_min_speed,0.2,dimensionless / selection,User-adjustable assumption,LOW,Engineering assumption,Engineering assumption,User editable,Synthetic scenario/control assumption; not published NVL72 data.
pump_max_speed,1.2,dimensionless / selection,User-adjustable assumption,LOW,Engineering assumption,Engineering assumption,User editable,Synthetic scenario/control assumption; not published NVL72 data.
pump_efficiency,0.6,fraction,User-adjustable assumption,LOW,Engineering assumption,Engineering assumption,.3–.8,Constant efficiency approximation; actual efficiency map unavailable.
pump_enabled,True,dimensionless / selection,User-adjustable assumption,LOW,Engineering assumption,Engineering assumption,User editable,Synthetic scenario/control assumption; not published NVL72 data.
coldplate_scale,1.0,dimensionless / selection,User-adjustable assumption,LOW,Engineering assumption,Engineering assumption,User editable,Synthetic scenario/control assumption; not published NVL72 data.
qd_scale,1.0,dimensionless / selection,User-adjustable assumption,LOW,Engineering assumption,Engineering assumption,User editable,Synthetic scenario/control assumption; not published NVL72 data.
header_scale,1.0,dimensionless / selection,User-adjustable assumption,LOW,Engineering assumption,Engineering assumption,User editable,Synthetic scenario/control assumption; not published NVL72 data.
supply_offset_K,0.0,K,User-adjustable assumption,LOW,Engineering assumption,Engineering assumption,User editable,Synthetic scenario/control assumption; not published NVL72 data.
design_flow_scale,1.0,dimensionless / selection,User-adjustable assumption,LOW,Engineering assumption,Engineering assumption,User editable,Synthetic scenario/control assumption; not published NVL72 data.
event_s,100.0,s,User-adjustable assumption,LOW,Engineering assumption,Engineering assumption,User editable,Synthetic scenario/control assumption; not published NVL72 data.
reconnect_s,200.0,s,User-adjustable assumption,LOW,Engineering assumption,Engineering assumption,User editable,Synthetic scenario/control assumption; not published NVL72 data.
reconnect_ramp_s,20.0,s,User-adjustable assumption,LOW,Engineering assumption,Engineering assumption,User editable,Synthetic scenario/control assumption; not published NVL72 data.
failure,none,dimensionless / selection,User-adjustable assumption,LOW,Engineering assumption,Engineering assumption,User editable,Synthetic scenario/control assumption; not published NVL72 data.
failure_tray,0,dimensionless / selection,User-adjustable assumption,LOW,Engineering assumption,Engineering assumption,User editable,Synthetic scenario/control assumption; not published NVL72 data.
sensor_failure_bias_K,8.0,K,User-adjustable assumption,LOW,Engineering assumption,Engineering assumption,User editable,Synthetic scenario/control assumption; not published NVL72 data.
electricity_per_kWh,0.12,USD/kWh,User-adjustable assumption,LOW,Engineering assumption,Engineering assumption,User editable,Synthetic scenario/control assumption; not published NVL72 data.
operating_hours,8760.0,hours/year,User-adjustable assumption,LOW,Engineering assumption,Engineering assumption,User editable,Synthetic scenario/control assumption; not published NVL72 data.
cost_case,nominal,dimensionless / selection,User-adjustable assumption,LOW,Engineering assumption,Engineering assumption,User editable,Synthetic scenario/control assumption; not published NVL72 data.
payback_horizon_years,5.0,years,User-adjustable assumption,LOW,Engineering assumption,Engineering assumption,User editable,Synthetic scenario/control assumption; not published NVL72 data.
cost.orifice,25.0,USD or USD/year,User-adjustable assumption,LOW,Engineering budget,Engineering budget,,"Editable budget, not a supplier quotation. Maintenance entries are USD/year."
cost.valve,350.0,USD or USD/year,User-adjustable assumption,LOW,Engineering budget,Engineering budget,,"Editable budget, not a supplier quotation. Maintenance entries are USD/year."
cost.temperature_sensor,40.0,USD or USD/year,User-adjustable assumption,LOW,Engineering budget,Engineering budget,,"Editable budget, not a supplier quotation. Maintenance entries are USD/year."
cost.flow_sensor,100.0,USD or USD/year,User-adjustable assumption,LOW,Engineering budget,Engineering budget,,"Editable budget, not a supplier quotation. Maintenance entries are USD/year."
cost.pressure_sensors,300.0,USD or USD/year,User-adjustable assumption,LOW,Engineering budget,Engineering budget,,"Editable budget, not a supplier quotation. Maintenance entries are USD/year."
cost.controller,500.0,USD or USD/year,User-adjustable assumption,LOW,Engineering budget,Engineering budget,,"Editable budget, not a supplier quotation. Maintenance entries are USD/year."
cost.wiring,400.0,USD or USD/year,User-adjustable assumption,LOW,Engineering budget,Engineering budget,,"Editable budget, not a supplier quotation. Maintenance entries are USD/year."
cost.power_supply,150.0,USD or USD/year,User-adjustable assumption,LOW,Engineering budget,Engineering budget,,"Editable budget, not a supplier quotation. Maintenance entries are USD/year."
cost.integration,1500.0,USD or USD/year,User-adjustable assumption,LOW,Engineering budget,Engineering budget,,"Editable budget, not a supplier quotation. Maintenance entries are USD/year."
cost.fixed_maintenance,75.0,USD or USD/year,User-adjustable assumption,LOW,Engineering budget,Engineering budget,,"Editable budget, not a supplier quotation. Maintenance entries are USD/year."
cost.active_maintenance,400.0,USD or USD/year,User-adjustable assumption,LOW,Engineering budget,Engineering budget,,"Editable budget, not a supplier quotation. Maintenance entries are USD/year."
baseline.rack.compute_trays,18,see baseline schema,User-adjustable assumption,LOW,data/sources.yaml,data/sources.yaml,,Inherited without redesign. Original provenance in baseline Sources & assumptions and data/sources.yaml; no new NVL72 validation claimed.
baseline.rack.switch_trays,9,see baseline schema,User-adjustable assumption,LOW,data/sources.yaml,data/sources.yaml,,Inherited without redesign. Original provenance in baseline Sources & assumptions and data/sources.yaml; no new NVL72 validation claimed.
baseline.rack.layout,"['C01', 'C02', 'C03', 'C04', 'C05', 'C06', 'C07', 'C08', 'C09', 'S01', 'S02', 'S03', 'S04', 'S05', 'S06', 'S07', 'S08', 'S09', 'C10', 'C11', 'C12', 'C13', 'C14', 'C15', 'C16', 'C17', 'C18']",see baseline schema,User-adjustable assumption,LOW,data/sources.yaml,data/sources.yaml,,Inherited without redesign. Original provenance in baseline Sources & assumptions and data/sources.yaml; no new NVL72 validation claimed.
baseline.rack.elevations_m,None,see baseline schema,User-adjustable assumption,LOW,data/sources.yaml,data/sources.yaml,,Inherited without redesign. Original provenance in baseline Sources & assumptions and data/sources.yaml; no new NVL72 validation claimed.
baseline.rack.flow_LPM,120.0,see baseline schema,User-adjustable assumption,LOW,data/sources.yaml,data/sources.yaml,,Inherited without redesign. Original provenance in baseline Sources & assumptions and data/sources.yaml; no new NVL72 validation claimed.
baseline.rack.supply_C,40.0,see baseline schema,User-adjustable assumption,LOW,data/sources.yaml,data/sources.yaml,,Inherited without redesign. Original provenance in baseline Sources & assumptions and data/sources.yaml; no new NVL72 validation claimed.
baseline.rack.operating_mode,fixed_flow,see baseline schema,User-adjustable assumption,LOW,data/sources.yaml,data/sources.yaml,,Inherited without redesign. Original provenance in baseline Sources & assumptions and data/sources.yaml; no new NVL72 validation claimed.
baseline.rack.gravity_enabled,True,see baseline schema,User-adjustable assumption,LOW,data/sources.yaml,data/sources.yaml,,Inherited without redesign. Original provenance in baseline Sources & assumptions and data/sources.yaml; no new NVL72 validation claimed.
baseline.rack.gravity_m_s2,9.80665,see baseline schema,User-adjustable assumption,LOW,data/sources.yaml,data/sources.yaml,,Inherited without redesign. Original provenance in baseline Sources & assumptions and data/sources.yaml; no new NVL72 validation claimed.
baseline.power.gpu_W_each,1200,see baseline schema,User-adjustable assumption,LOW,data/sources.yaml,data/sources.yaml,,Inherited without redesign. Original provenance in baseline Sources & assumptions and data/sources.yaml; no new NVL72 validation claimed.
baseline.power.gpus_per_compute_tray,4,see baseline schema,User-adjustable assumption,LOW,data/sources.yaml,data/sources.yaml,,Inherited without redesign. Original provenance in baseline Sources & assumptions and data/sources.yaml; no new NVL72 validation claimed.
baseline.power.grace_cpu_W_each,500,see baseline schema,User-adjustable assumption,LOW,data/sources.yaml,data/sources.yaml,,Inherited without redesign. Original provenance in baseline Sources & assumptions and data/sources.yaml; no new NVL72 validation claimed.
baseline.power.cpus_per_compute_tray,2,see baseline schema,User-adjustable assumption,LOW,data/sources.yaml,data/sources.yaml,,Inherited without redesign. Original provenance in baseline Sources & assumptions and data/sources.yaml; no new NVL72 validation claimed.
baseline.power.switch_rack_total_W,11160,see baseline schema,User-adjustable assumption,LOW,data/sources.yaml,data/sources.yaml,,Inherited without redesign. Original provenance in baseline Sources & assumptions and data/sources.yaml; no new NVL72 validation claimed.
baseline.power.compute_fraction,1.0,see baseline schema,User-adjustable assumption,LOW,data/sources.yaml,data/sources.yaml,,Inherited without redesign. Original provenance in baseline Sources & assumptions and data/sources.yaml; no new NVL72 validation claimed.
baseline.power.switch_fraction,1.0,see baseline schema,User-adjustable assumption,LOW,data/sources.yaml,data/sources.yaml,,Inherited without redesign. Original provenance in baseline Sources & assumptions and data/sources.yaml; no new NVL72 validation claimed.
baseline.power.compute_aux_W,0,see baseline schema,User-adjustable assumption,LOW,data/sources.yaml,data/sources.yaml,,Inherited without redesign. Original provenance in baseline Sources & assumptions and data/sources.yaml; no new NVL72 validation claimed.
baseline.power.switch_aux_W,0,see baseline schema,User-adjustable assumption,LOW,data/sources.yaml,data/sources.yaml,,Inherited without redesign. Original provenance in baseline Sources & assumptions and data/sources.yaml; no new NVL72 validation claimed.
baseline.power.tray_heat_W,"[5800.0, 5800.0, 5800.0, 5800.0, 5800.0, 5800.0, 5800.0, 5800.0, 5800.0, 1240.0, 1240.0, 1240.0, 1240.0, 1240.0, 1240.0, 1240.0, 1240.0, 1240.0, 5800.0, 5800.0, 5800.0, 5800.0, 5800.0, 5800.0, 5800.0, 5800.0, 5800.0]",see baseline schema,User-adjustable assumption,LOW,data/sources.yaml,data/sources.yaml,,Inherited without redesign. Original provenance in baseline Sources & assumptions and data/sources.yaml; no new NVL72 validation claimed.
baseline.geometry.height_m,1.8,see baseline schema,User-adjustable assumption,LOW,data/sources.yaml,data/sources.yaml,,Inherited without redesign. Original provenance in baseline Sources & assumptions and data/sources.yaml; no new NVL72 validation claimed.
baseline.geometry.roughness_m,1.5e-06,see baseline schema,User-adjustable assumption,LOW,data/sources.yaml,data/sources.yaml,,Inherited without redesign. Original provenance in baseline Sources & assumptions and data/sources.yaml; no new NVL72 validation claimed.
baseline.geometry.supply.profile,constant,see baseline schema,User-adjustable assumption,LOW,data/sources.yaml,data/sources.yaml,,Inherited without redesign. Original provenance in baseline Sources & assumptions and data/sources.yaml; no new NVL72 validation claimed.
baseline.geometry.supply.inlet_m,0.038,see baseline schema,User-adjustable assumption,LOW,data/sources.yaml,data/sources.yaml,,Inherited without redesign. Original provenance in baseline Sources & assumptions and data/sources.yaml; no new NVL72 validation claimed.
baseline.geometry.supply.outlet_m,0.038,see baseline schema,User-adjustable assumption,LOW,data/sources.yaml,data/sources.yaml,,Inherited without redesign. Original provenance in baseline Sources & assumptions and data/sources.yaml; no new NVL72 validation claimed.
baseline.geometry.supply.exponent,1.0,see baseline schema,User-adjustable assumption,LOW,data/sources.yaml,data/sources.yaml,,Inherited without redesign. Original provenance in baseline Sources & assumptions and data/sources.yaml; no new NVL72 validation claimed.
baseline.geometry.supply.pieces_m,"[0.038, 0.032, 0.025]",see baseline schema,User-adjustable assumption,LOW,data/sources.yaml,data/sources.yaml,,Inherited without redesign. Original provenance in baseline Sources & assumptions and data/sources.yaml; no new NVL72 validation claimed.
baseline.geometry.return.profile,constant,see baseline schema,User-adjustable assumption,LOW,data/sources.yaml,data/sources.yaml,,Inherited without redesign. Original provenance in baseline Sources & assumptions and data/sources.yaml; no new NVL72 validation claimed.
baseline.geometry.return.inlet_m,0.038,see baseline schema,User-adjustable assumption,LOW,data/sources.yaml,data/sources.yaml,,Inherited without redesign. Original provenance in baseline Sources & assumptions and data/sources.yaml; no new NVL72 validation claimed.
baseline.geometry.return.outlet_m,0.038,see baseline schema,User-adjustable assumption,LOW,data/sources.yaml,data/sources.yaml,,Inherited without redesign. Original provenance in baseline Sources & assumptions and data/sources.yaml; no new NVL72 validation claimed.
baseline.geometry.return.exponent,1.0,see baseline schema,User-adjustable assumption,LOW,data/sources.yaml,data/sources.yaml,,Inherited without redesign. Original provenance in baseline Sources & assumptions and data/sources.yaml; no new NVL72 validation claimed.
baseline.geometry.return.pieces_m,"[0.025, 0.032, 0.038]",see baseline schema,User-adjustable assumption,LOW,data/sources.yaml,data/sources.yaml,,Inherited without redesign. Original provenance in baseline Sources & assumptions and data/sources.yaml; no new NVL72 validation claimed.
baseline.branches.compute.diameter_m,0.008,see baseline schema,User-adjustable assumption,LOW,data/sources.yaml,data/sources.yaml,,Inherited without redesign. Original provenance in baseline Sources & assumptions and data/sources.yaml; no new NVL72 validation claimed.
baseline.branches.compute.tube_length_m,1.5,see baseline schema,User-adjustable assumption,LOW,data/sources.yaml,data/sources.yaml,,Inherited without redesign. Original provenance in baseline Sources & assumptions and data/sources.yaml; no new NVL72 validation claimed.
baseline.branches.compute.tube_multiplier,1.0,see baseline schema,User-adjustable assumption,LOW,data/sources.yaml,data/sources.yaml,,Inherited without redesign. Original provenance in baseline Sources & assumptions and data/sources.yaml; no new NVL72 validation claimed.
baseline.branches.compute.coldplate_K,5500000.0,see baseline schema,User-adjustable assumption,LOW,data/sources.yaml,data/sources.yaml,,Inherited without redesign. Original provenance in baseline Sources & assumptions and data/sources.yaml; no new NVL72 validation claimed.
baseline.branches.compute.qdc_K,2300000.0,see baseline schema,User-adjustable assumption,LOW,data/sources.yaml,data/sources.yaml,,Inherited without redesign. Original provenance in baseline Sources & assumptions and data/sources.yaml; no new NVL72 validation claimed.
baseline.branches.compute.restriction_K,0.0,see baseline schema,User-adjustable assumption,LOW,data/sources.yaml,data/sources.yaml,,Inherited without redesign. Original provenance in baseline Sources & assumptions and data/sources.yaml; no new NVL72 validation claimed.
baseline.branches.switch.diameter_m,0.006,see baseline schema,User-adjustable assumption,LOW,data/sources.yaml,data/sources.yaml,,Inherited without redesign. Original provenance in baseline Sources & assumptions and data/sources.yaml; no new NVL72 validation claimed.
baseline.branches.switch.tube_length_m,1.0,see baseline schema,User-adjustable assumption,LOW,data/sources.yaml,data/sources.yaml,,Inherited without redesign. Original provenance in baseline Sources & assumptions and data/sources.yaml; no new NVL72 validation claimed.
baseline.branches.switch.tube_multiplier,1.0,see baseline schema,User-adjustable assumption,LOW,data/sources.yaml,data/sources.yaml,,Inherited without redesign. Original provenance in baseline Sources & assumptions and data/sources.yaml; no new NVL72 validation claimed.
baseline.branches.switch.coldplate_K,20000000.0,see baseline schema,User-adjustable assumption,LOW,data/sources.yaml,data/sources.yaml,,Inherited without redesign. Original provenance in baseline Sources & assumptions and data/sources.yaml; no new NVL72 validation claimed.
baseline.branches.switch.qdc_K,5000000.0,see baseline schema,User-adjustable assumption,LOW,data/sources.yaml,data/sources.yaml,,Inherited without redesign. Original provenance in baseline Sources & assumptions and data/sources.yaml; no new NVL72 validation claimed.
baseline.branches.switch.restriction_K,0.0,see baseline schema,User-adjustable assumption,LOW,data/sources.yaml,data/sources.yaml,,Inherited without redesign. Original provenance in baseline Sources & assumptions and data/sources.yaml; no new NVL72 validation claimed.
baseline.branches.overrides.C01.diameter_m,0.008,see baseline schema,User-adjustable assumption,LOW,data/sources.yaml,data/sources.yaml,,Inherited without redesign. Original provenance in baseline Sources & assumptions and data/sources.yaml; no new NVL72 validation claimed.
baseline.branches.overrides.C01.tube_length_m,1.5,see baseline schema,User-adjustable assumption,LOW,data/sources.yaml,data/sources.yaml,,Inherited without redesign. Original provenance in baseline Sources & assumptions and data/sources.yaml; no new NVL72 validation claimed.
baseline.branches.overrides.C01.tube_multiplier,1.0,see baseline schema,User-adjustable assumption,LOW,data/sources.yaml,data/sources.yaml,,Inherited without redesign. Original provenance in baseline Sources & assumptions and data/sources.yaml; no new NVL72 validation claimed.
baseline.branches.overrides.C01.coldplate_K,5500000.0,see baseline schema,User-adjustable assumption,LOW,data/sources.yaml,data/sources.yaml,,Inherited without redesign. Original provenance in baseline Sources & assumptions and data/sources.yaml; no new NVL72 validation claimed.
baseline.branches.overrides.C01.qdc_K,2300000.0,see baseline schema,User-adjustable assumption,LOW,data/sources.yaml,data/sources.yaml,,Inherited without redesign. Original provenance in baseline Sources & assumptions and data/sources.yaml; no new NVL72 validation claimed.
baseline.branches.overrides.C01.restriction_K,0.0,see baseline schema,User-adjustable assumption,LOW,data/sources.yaml,data/sources.yaml,,Inherited without redesign. Original provenance in baseline Sources & assumptions and data/sources.yaml; no new NVL72 validation claimed.
baseline.branches.overrides.C01.orifice_diameter_m,0.0063351665909001185,see baseline schema,User-adjustable assumption,LOW,data/sources.yaml,data/sources.yaml,,Inherited without redesign. Original provenance in baseline Sources & assumptions and data/sources.yaml; no new NVL72 validation claimed.
baseline.branches.overrides.C02.diameter_m,0.008,see baseline schema,User-adjustable assumption,LOW,data/sources.yaml,data/sources.yaml,,Inherited without redesign. Original provenance in baseline Sources & assumptions and data/sources.yaml; no new NVL72 validation claimed.
baseline.branches.overrides.C02.tube_length_m,1.5,see baseline schema,User-adjustable assumption,LOW,data/sources.yaml,data/sources.yaml,,Inherited without redesign. Original provenance in baseline Sources & assumptions and data/sources.yaml; no new NVL72 validation claimed.
baseline.branches.overrides.C02.tube_multiplier,1.0,see baseline schema,User-adjustable assumption,LOW,data/sources.yaml,data/sources.yaml,,Inherited without redesign. Original provenance in baseline Sources & assumptions and data/sources.yaml; no new NVL72 validation claimed.
baseline.branches.overrides.C02.coldplate_K,5500000.0,see baseline schema,User-adjustable assumption,LOW,data/sources.yaml,data/sources.yaml,,Inherited without redesign. Original provenance in baseline Sources & assumptions and data/sources.yaml; no new NVL72 validation claimed.
baseline.branches.overrides.C02.qdc_K,2300000.0,see baseline schema,User-adjustable assumption,LOW,data/sources.yaml,data/sources.yaml,,Inherited without redesign. Original provenance in baseline Sources & assumptions and data/sources.yaml; no new NVL72 validation claimed.
baseline.branches.overrides.C02.restriction_K,0.0,see baseline schema,User-adjustable assumption,LOW,data/sources.yaml,data/sources.yaml,,Inherited without redesign. Original provenance in baseline Sources & assumptions and data/sources.yaml; no new NVL72 validation claimed.
baseline.branches.overrides.C02.orifice_diameter_m,0.006409915367443772,see baseline schema,User-adjustable assumption,LOW,data/sources.yaml,data/sources.yaml,,Inherited without redesign. Original provenance in baseline Sources & assumptions and data/sources.yaml; no new NVL72 validation claimed.
baseline.branches.overrides.C03.diameter_m,0.008,see baseline schema,User-adjustable assumption,LOW,data/sources.yaml,data/sources.yaml,,Inherited without redesign. Original provenance in baseline Sources & assumptions and data/sources.yaml; no new NVL72 validation claimed.
baseline.branches.overrides.C03.tube_length_m,1.5,see baseline schema,User-adjustable assumption,LOW,data/sources.yaml,data/sources.yaml,,Inherited without redesign. Original provenance in baseline Sources & assumptions and data/sources.yaml; no new NVL72 validation claimed.
baseline.branches.overrides.C03.tube_multiplier,1.0,see baseline schema,User-adjustable assumption,LOW,data/sources.yaml,data/sources.yaml,,Inherited without redesign. Original provenance in baseline Sources & assumptions and data/sources.yaml; no new NVL72 validation claimed.
baseline.branches.overrides.C03.coldplate_K,5500000.0,see baseline schema,User-adjustable assumption,LOW,data/sources.yaml,data/sources.yaml,,Inherited without redesign. Original provenance in baseline Sources & assumptions and data/sources.yaml; no new NVL72 validation claimed.
baseline.branches.overrides.C03.qdc_K,2300000.0,see baseline schema,User-adjustable assumption,LOW,data/sources.yaml,data/sources.yaml,,Inherited without redesign. Original provenance in baseline Sources & assumptions and data/sources.yaml; no new NVL72 validation claimed.
baseline.branches.overrides.C03.restriction_K,0.0,see baseline schema,User-adjustable assumption,LOW,data/sources.yaml,data/sources.yaml,,Inherited without redesign. Original provenance in baseline Sources & assumptions and data/sources.yaml; no new NVL72 validation claimed.
baseline.branches.overrides.C03.orifice_diameter_m,0.006483246038381632,see baseline schema,User-adjustable assumption,LOW,data/sources.yaml,data/sources.yaml,,Inherited without redesign. Original provenance in baseline Sources & assumptions and data/sources.yaml; no new NVL72 validation claimed.
baseline.branches.overrides.C04.diameter_m,0.008,see baseline schema,User-adjustable assumption,LOW,data/sources.yaml,data/sources.yaml,,Inherited without redesign. Original provenance in baseline Sources & assumptions and data/sources.yaml; no new NVL72 validation claimed.
baseline.branches.overrides.C04.tube_length_m,1.5,see baseline schema,User-adjustable assumption,LOW,data/sources.yaml,data/sources.yaml,,Inherited without redesign. Original provenance in baseline Sources & assumptions and data/sources.yaml; no new NVL72 validation claimed.
baseline.branches.overrides.C04.tube_multiplier,1.0,see baseline schema,User-adjustable assumption,LOW,data/sources.yaml,data/sources.yaml,,Inherited without redesign. Original provenance in baseline Sources & assumptions and data/sources.yaml; no new NVL72 validation claimed.
baseline.branches.overrides.C04.coldplate_K,5500000.0,see baseline schema,User-adjustable assumption,LOW,data/sources.yaml,data/sources.yaml,,Inherited without redesign. Original provenance in baseline Sources & assumptions and data/sources.yaml; no new NVL72 validation claimed.
baseline.branches.overrides.C04.qdc_K,2300000.0,see baseline schema,User-adjustable assumption,LOW,data/sources.yaml,data/sources.yaml,,Inherited without redesign. Original provenance in baseline Sources & assumptions and data/sources.yaml; no new NVL72 validation claimed.
baseline.branches.overrides.C04.restriction_K,0.0,see baseline schema,User-adjustable assumption,LOW,data/sources.yaml,data/sources.yaml,,Inherited without redesign. Original provenance in baseline Sources & assumptions and data/sources.yaml; no new NVL72 validation claimed.
baseline.branches.overrides.C04.orifice_diameter_m,0.0065547166358267015,see baseline schema,User-adjustable assumption,LOW,data/sources.yaml,data/sources.yaml,,Inherited without redesign. Original provenance in baseline Sources & assumptions and data/sources.yaml; no new NVL72 validation claimed.
baseline.branches.overrides.C05.diameter_m,0.008,see baseline schema,User-adjustable assumption,LOW,data/sources.yaml,data/sources.yaml,,Inherited without redesign. Original provenance in baseline Sources & assumptions and data/sources.yaml; no new NVL72 validation claimed.
baseline.branches.overrides.C05.tube_length_m,1.5,see baseline schema,User-adjustable assumption,LOW,data/sources.yaml,data/sources.yaml,,Inherited without redesign. Original provenance in baseline Sources & assumptions and data/sources.yaml; no new NVL72 validation claimed.
baseline.branches.overrides.C05.tube_multiplier,1.0,see baseline schema,User-adjustable assumption,LOW,data/sources.yaml,data/sources.yaml,,Inherited without redesign. Original provenance in baseline Sources & assumptions and data/sources.yaml; no new NVL72 validation claimed.
baseline.branches.overrides.C05.coldplate_K,5500000.0,see baseline schema,User-adjustable assumption,LOW,data/sources.yaml,data/sources.yaml,,Inherited without redesign. Original provenance in baseline Sources & assumptions and data/sources.yaml; no new NVL72 validation claimed.
baseline.branches.overrides.C05.qdc_K,2300000.0,see baseline schema,User-adjustable assumption,LOW,data/sources.yaml,data/sources.yaml,,Inherited without redesign. Original provenance in baseline Sources & assumptions and data/sources.yaml; no new NVL72 validation claimed.
baseline.branches.overrides.C05.restriction_K,0.0,see baseline schema,User-adjustable assumption,LOW,data/sources.yaml,data/sources.yaml,,Inherited without redesign. Original provenance in baseline Sources & assumptions and data/sources.yaml; no new NVL72 validation claimed.
baseline.branches.overrides.C05.orifice_diameter_m,0.006623845982654081,see baseline schema,User-adjustable assumption,LOW,data/sources.yaml,data/sources.yaml,,Inherited without redesign. Original provenance in baseline Sources & assumptions and data/sources.yaml; no new NVL72 validation claimed.
baseline.branches.overrides.C06.diameter_m,0.008,see baseline schema,User-adjustable assumption,LOW,data/sources.yaml,data/sources.yaml,,Inherited without redesign. Original provenance in baseline Sources & assumptions and data/sources.yaml; no new NVL72 validation claimed.
baseline.branches.overrides.C06.tube_length_m,1.5,see baseline schema,User-adjustable assumption,LOW,data/sources.yaml,data/sources.yaml,,Inherited without redesign. Original provenance in baseline Sources & assumptions and data/sources.yaml; no new NVL72 validation claimed.
baseline.branches.overrides.C06.tube_multiplier,1.0,see baseline schema,User-adjustable assumption,LOW,data/sources.yaml,data/sources.yaml,,Inherited without redesign. Original provenance in baseline Sources & assumptions and data/sources.yaml; no new NVL72 validation claimed.
baseline.branches.overrides.C06.coldplate_K,5500000.0,see baseline schema,User-adjustable assumption,LOW,data/sources.yaml,data/sources.yaml,,Inherited without redesign. Original provenance in baseline Sources & assumptions and data/sources.yaml; no new NVL72 validation claimed.
baseline.branches.overrides.C06.qdc_K,2300000.0,see baseline schema,User-adjustable assumption,LOW,data/sources.yaml,data/sources.yaml,,Inherited without redesign. Original provenance in baseline Sources & assumptions and data/sources.yaml; no new NVL72 validation claimed.
baseline.branches.overrides.C06.restriction_K,0.0,see baseline schema,User-adjustable assumption,LOW,data/sources.yaml,data/sources.yaml,,Inherited without redesign. Original provenance in baseline Sources & assumptions and data/sources.yaml; no new NVL72 validation claimed.
baseline.branches.overrides.C06.orifice_diameter_m,0.006690119272723017,see baseline schema,User-adjustable assumption,LOW,data/sources.yaml,data/sources.yaml,,Inherited without redesign. Original provenance in baseline Sources & assumptions and data/sources.yaml; no new NVL72 validation claimed.
baseline.branches.overrides.C07.diameter_m,0.008,see baseline schema,User-adjustable assumption,LOW,data/sources.yaml,data/sources.yaml,,Inherited without redesign. Original provenance in baseline Sources & assumptions and data/sources.yaml; no new NVL72 validation claimed.
baseline.branches.overrides.C07.tube_length_m,1.5,see baseline schema,User-adjustable assumption,LOW,data/sources.yaml,data/sources.yaml,,Inherited without redesign. Original provenance in baseline Sources & assumptions and data/sources.yaml; no new NVL72 validation claimed.
baseline.branches.overrides.C07.tube_multiplier,1.0,see baseline schema,User-adjustable assumption,LOW,data/sources.yaml,data/sources.yaml,,Inherited without redesign. Original provenance in baseline Sources & assumptions and data/sources.yaml; no new NVL72 validation claimed.
baseline.branches.overrides.C07.coldplate_K,5500000.0,see baseline schema,User-adjustable assumption,LOW,data/sources.yaml,data/sources.yaml,,Inherited without redesign. Original provenance in baseline Sources & assumptions and data/sources.yaml; no new NVL72 validation claimed.
baseline.branches.overrides.C07.qdc_K,2300000.0,see baseline schema,User-adjustable assumption,LOW,data/sources.yaml,data/sources.yaml,,Inherited without redesign. Original provenance in baseline Sources & assumptions and data/sources.yaml; no new NVL72 validation claimed.
baseline.branches.overrides.C07.restriction_K,0.0,see baseline schema,User-adjustable assumption,LOW,data/sources.yaml,data/sources.yaml,,Inherited without redesign. Original provenance in baseline Sources & assumptions and data/sources.yaml; no new NVL72 validation claimed.
baseline.branches.overrides.C07.orifice_diameter_m,0.006752997820495816,see baseline schema,User-adjustable assumption,LOW,data/sources.yaml,data/sources.yaml,,Inherited without redesign. Original provenance in baseline Sources & assumptions and data/sources.yaml; no new NVL72 validation claimed.
baseline.branches.overrides.C08.diameter_m,0.008,see baseline schema,User-adjustable assumption,LOW,data/sources.yaml,data/sources.yaml,,Inherited without redesign. Original provenance in baseline Sources & assumptions and data/sources.yaml; no new NVL72 validation claimed.
baseline.branches.overrides.C08.tube_length_m,1.5,see baseline schema,User-adjustable assumption,LOW,data/sources.yaml,data/sources.yaml,,Inherited without redesign. Original provenance in baseline Sources & assumptions and data/sources.yaml; no new NVL72 validation claimed.
baseline.branches.overrides.C08.tube_multiplier,1.0,see baseline schema,User-adjustable assumption,LOW,data/sources.yaml,data/sources.yaml,,Inherited without redesign. Original provenance in baseline Sources & assumptions and data/sources.yaml; no new NVL72 validation claimed.
baseline.branches.overrides.C08.coldplate_K,5500000.0,see baseline schema,User-adjustable assumption,LOW,data/sources.yaml,data/sources.yaml,,Inherited without redesign. Original provenance in baseline Sources & assumptions and data/sources.yaml; no new NVL72 validation claimed.
baseline.branches.overrides.C08.qdc_K,2300000.0,see baseline schema,User-adjustable assumption,LOW,data/sources.yaml,data/sources.yaml,,Inherited without redesign. Original provenance in baseline Sources & assumptions and data/sources.yaml; no new NVL72 validation claimed.
baseline.branches.overrides.C08.restriction_K,0.0,see baseline schema,User-adjustable assumption,LOW,data/sources.yaml,data/sources.yaml,,Inherited without redesign. Original provenance in baseline Sources & assumptions and data/sources.yaml; no new NVL72 validation claimed.
baseline.branches.overrides.C08.orifice_diameter_m,0.006811934135287234,see baseline schema,User-adjustable assumption,LOW,data/sources.yaml,data/sources.yaml,,Inherited without redesign. Original provenance in baseline Sources & assumptions and data/sources.yaml; no new NVL72 validation claimed.
baseline.branches.overrides.C09.diameter_m,0.008,see baseline schema,User-adjustable assumption,LOW,data/sources.yaml,data/sources.yaml,,Inherited without redesign. Original provenance in baseline Sources & assumptions and data/sources.yaml; no new NVL72 validation claimed.
baseline.branches.overrides.C09.tube_length_m,1.5,see baseline schema,User-adjustable assumption,LOW,data/sources.yaml,data/sources.yaml,,Inherited without redesign. Original provenance in baseline Sources & assumptions and data/sources.yaml; no new NVL72 validation claimed.
baseline.branches.overrides.C09.tube_multiplier,1.0,see baseline schema,User-adjustable assumption,LOW,data/sources.yaml,data/sources.yaml,,Inherited without redesign. Original provenance in baseline Sources & assumptions and data/sources.yaml; no new NVL72 validation claimed.
baseline.branches.overrides.C09.coldplate_K,5500000.0,see baseline schema,User-adjustable assumption,LOW,data/sources.yaml,data/sources.yaml,,Inherited without redesign. Original provenance in baseline Sources & assumptions and data/sources.yaml; no new NVL72 validation claimed.
baseline.branches.overrides.C09.qdc_K,2300000.0,see baseline schema,User-adjustable assumption,LOW,data/sources.yaml,data/sources.yaml,,Inherited without redesign. Original provenance in baseline Sources & assumptions and data/sources.yaml; no new NVL72 validation claimed.
baseline.branches.overrides.C09.restriction_K,0.0,see baseline schema,User-adjustable assumption,LOW,data/sources.yaml,data/sources.yaml,,Inherited without redesign. Original provenance in baseline Sources & assumptions and data/sources.yaml; no new NVL72 validation claimed.
baseline.branches.overrides.C09.orifice_diameter_m,0.0068663933242271,see baseline schema,User-adjustable assumption,LOW,data/sources.yaml,data/sources.yaml,,Inherited without redesign. Original provenance in baseline Sources & assumptions and data/sources.yaml; no new NVL72 validation claimed.
baseline.branches.overrides.S01.diameter_m,0.006,see baseline schema,User-adjustable assumption,LOW,data/sources.yaml,data/sources.yaml,,Inherited without redesign. Original provenance in baseline Sources & assumptions and data/sources.yaml; no new NVL72 validation claimed.
baseline.branches.overrides.S01.tube_length_m,1.0,see baseline schema,User-adjustable assumption,LOW,data/sources.yaml,data/sources.yaml,,Inherited without redesign. Original provenance in baseline Sources & assumptions and data/sources.yaml; no new NVL72 validation claimed.
baseline.branches.overrides.S01.tube_multiplier,1.0,see baseline schema,User-adjustable assumption,LOW,data/sources.yaml,data/sources.yaml,,Inherited without redesign. Original provenance in baseline Sources & assumptions and data/sources.yaml; no new NVL72 validation claimed.
baseline.branches.overrides.S01.coldplate_K,20000000.0,see baseline schema,User-adjustable assumption,LOW,data/sources.yaml,data/sources.yaml,,Inherited without redesign. Original provenance in baseline Sources & assumptions and data/sources.yaml; no new NVL72 validation claimed.
baseline.branches.overrides.S01.qdc_K,5000000.0,see baseline schema,User-adjustable assumption,LOW,data/sources.yaml,data/sources.yaml,,Inherited without redesign. Original provenance in baseline Sources & assumptions and data/sources.yaml; no new NVL72 validation claimed.
baseline.branches.overrides.S01.restriction_K,0.0,see baseline schema,User-adjustable assumption,LOW,data/sources.yaml,data/sources.yaml,,Inherited without redesign. Original provenance in baseline Sources & assumptions and data/sources.yaml; no new NVL72 validation claimed.
baseline.branches.overrides.S01.orifice_diameter_m,0.0017801868542356863,see baseline schema,User-adjustable assumption,LOW,data/sources.yaml,data/sources.yaml,,Inherited without redesign. Original provenance in baseline Sources & assumptions and data/sources.yaml; no new NVL72 validation claimed.
baseline.branches.overrides.S02.diameter_m,0.006,see baseline schema,User-adjustable assumption,LOW,data/sources.yaml,data/sources.yaml,,Inherited without redesign. Original provenance in baseline Sources & assumptions and data/sources.yaml; no new NVL72 validation claimed.
baseline.branches.overrides.S02.tube_length_m,1.0,see baseline schema,User-adjustable assumption,LOW,data/sources.yaml,data/sources.yaml,,Inherited without redesign. Original provenance in baseline Sources & assumptions and data/sources.yaml; no new NVL72 validation claimed.
baseline.branches.overrides.S02.tube_multiplier,1.0,see baseline schema,User-adjustable assumption,LOW,data/sources.yaml,data/sources.yaml,,Inherited without redesign. Original provenance in baseline Sources & assumptions and data/sources.yaml; no new NVL72 validation claimed.
baseline.branches.overrides.S02.coldplate_K,20000000.0,see baseline schema,User-adjustable assumption,LOW,data/sources.yaml,data/sources.yaml,,Inherited without redesign. Original provenance in baseline Sources & assumptions and data/sources.yaml; no new NVL72 validation claimed.
baseline.branches.overrides.S02.qdc_K,5000000.0,see baseline schema,User-adjustable assumption,LOW,data/sources.yaml,data/sources.yaml,,Inherited without redesign. Original provenance in baseline Sources & assumptions and data/sources.yaml; no new NVL72 validation claimed.
baseline.branches.overrides.S02.restriction_K,0.0,see baseline schema,User-adjustable assumption,LOW,data/sources.yaml,data/sources.yaml,,Inherited without redesign. Original provenance in baseline Sources & assumptions and data/sources.yaml; no new NVL72 validation claimed.
baseline.branches.overrides.S02.orifice_diameter_m,0.0017807389892963662,see baseline schema,User-adjustable assumption,LOW,data/sources.yaml,data/sources.yaml,,Inherited without redesign. Original provenance in baseline Sources & assumptions and data/sources.yaml; no new NVL72 validation claimed.
baseline.branches.overrides.S03.diameter_m,0.006,see baseline schema,User-adjustable assumption,LOW,data/sources.yaml,data/sources.yaml,,Inherited without redesign. Original provenance in baseline Sources & assumptions and data/sources.yaml; no new NVL72 validation claimed.
baseline.branches.overrides.S03.tube_length_m,1.0,see baseline schema,User-adjustable assumption,LOW,data/sources.yaml,data/sources.yaml,,Inherited without redesign. Original provenance in baseline Sources & assumptions and data/sources.yaml; no new NVL72 validation claimed.
baseline.branches.overrides.S03.tube_multiplier,1.0,see baseline schema,User-adjustable assumption,LOW,data/sources.yaml,data/sources.yaml,,Inherited without redesign. Original provenance in baseline Sources & assumptions and data/sources.yaml; no new NVL72 validation claimed.
baseline.branches.overrides.S03.coldplate_K,20000000.0,see baseline schema,User-adjustable assumption,LOW,data/sources.yaml,data/sources.yaml,,Inherited without redesign. Original provenance in baseline Sources & assumptions and data/sources.yaml; no new NVL72 validation claimed.
baseline.branches.overrides.S03.qdc_K,5000000.0,see baseline schema,User-adjustable assumption,LOW,data/sources.yaml,data/sources.yaml,,Inherited without redesign. Original provenance in baseline Sources & assumptions and data/sources.yaml; no new NVL72 validation claimed.
baseline.branches.overrides.S03.restriction_K,0.0,see baseline schema,User-adjustable assumption,LOW,data/sources.yaml,data/sources.yaml,,Inherited without redesign. Original provenance in baseline Sources & assumptions and data/sources.yaml; no new NVL72 validation claimed.
baseline.branches.overrides.S03.orifice_diameter_m,0.001781271806114026,see baseline schema,User-adjustable assumption,LOW,data/sources.yaml,data/sources.yaml,,Inherited without redesign. Original provenance in baseline Sources & assumptions and data/sources.yaml; no new NVL72 validation claimed.
baseline.branches.overrides.S04.diameter_m,0.006,see baseline schema,User-adjustable assumption,LOW,data/sources.yaml,data/sources.yaml,,Inherited without redesign. Original provenance in baseline Sources & assumptions and data/sources.yaml; no new NVL72 validation claimed.
baseline.branches.overrides.S04.tube_length_m,1.0,see baseline schema,User-adjustable assumption,LOW,data/sources.yaml,data/sources.yaml,,Inherited without redesign. Original provenance in baseline Sources & assumptions and data/sources.yaml; no new NVL72 validation claimed.
baseline.branches.overrides.S04.tube_multiplier,1.0,see baseline schema,User-adjustable assumption,LOW,data/sources.yaml,data/sources.yaml,,Inherited without redesign. Original provenance in baseline Sources & assumptions and data/sources.yaml; no new NVL72 validation claimed.
baseline.branches.overrides.S04.coldplate_K,20000000.0,see baseline schema,User-adjustable assumption,LOW,data/sources.yaml,data/sources.yaml,,Inherited without redesign. Original provenance in baseline Sources & assumptions and data/sources.yaml; no new NVL72 validation claimed.
baseline.branches.overrides.S04.qdc_K,5000000.0,see baseline schema,User-adjustable assumption,LOW,data/sources.yaml,data/sources.yaml,,Inherited without redesign. Original provenance in baseline Sources & assumptions and data/sources.yaml; no new NVL72 validation claimed.
baseline.branches.overrides.S04.restriction_K,0.0,see baseline schema,User-adjustable assumption,LOW,data/sources.yaml,data/sources.yaml,,Inherited without redesign. Original provenance in baseline Sources & assumptions and data/sources.yaml; no new NVL72 validation claimed.
baseline.branches.overrides.S04.orifice_diameter_m,0.0017817855942845232,see baseline schema,User-adjustable assumption,LOW,data/sources.yaml,data/sources.yaml,,Inherited without redesign. Original provenance in baseline Sources & assumptions and data/sources.yaml; no new NVL72 validation claimed.
baseline.branches.overrides.S05.diameter_m,0.006,see baseline schema,User-adjustable assumption,LOW,data/sources.yaml,data/sources.yaml,,Inherited without redesign. Original provenance in baseline Sources & assumptions and data/sources.yaml; no new NVL72 validation claimed.
baseline.branches.overrides.S05.tube_length_m,1.0,see baseline schema,User-adjustable assumption,LOW,data/sources.yaml,data/sources.yaml,,Inherited without redesign. Original provenance in baseline Sources & assumptions and data/sources.yaml; no new NVL72 validation claimed.
baseline.branches.overrides.S05.tube_multiplier,1.0,see baseline schema,User-adjustable assumption,LOW,data/sources.yaml,data/sources.yaml,,Inherited without redesign. Original provenance in baseline Sources & assumptions and data/sources.yaml; no new NVL72 validation claimed.
baseline.branches.overrides.S05.coldplate_K,20000000.0,see baseline schema,User-adjustable assumption,LOW,data/sources.yaml,data/sources.yaml,,Inherited without redesign. Original provenance in baseline Sources & assumptions and data/sources.yaml; no new NVL72 validation claimed.
baseline.branches.overrides.S05.qdc_K,5000000.0,see baseline schema,User-adjustable assumption,LOW,data/sources.yaml,data/sources.yaml,,Inherited without redesign. Original provenance in baseline Sources & assumptions and data/sources.yaml; no new NVL72 validation claimed.
baseline.branches.overrides.S05.restriction_K,0.0,see baseline schema,User-adjustable assumption,LOW,data/sources.yaml,data/sources.yaml,,Inherited without redesign. Original provenance in baseline Sources & assumptions and data/sources.yaml; no new NVL72 validation claimed.
baseline.branches.overrides.S05.orifice_diameter_m,0.001782280648968229,see baseline schema,User-adjustable assumption,LOW,data/sources.yaml,data/sources.yaml,,Inherited without redesign. Original provenance in baseline Sources & assumptions and data/sources.yaml; no new NVL72 validation claimed.
baseline.branches.overrides.S06.diameter_m,0.006,see baseline schema,User-adjustable assumption,LOW,data/sources.yaml,data/sources.yaml,,Inherited without redesign. Original provenance in baseline Sources & assumptions and data/sources.yaml; no new NVL72 validation claimed.
baseline.branches.overrides.S06.tube_length_m,1.0,see baseline schema,User-adjustable assumption,LOW,data/sources.yaml,data/sources.yaml,,Inherited without redesign. Original provenance in baseline Sources & assumptions and data/sources.yaml; no new NVL72 validation claimed.
baseline.branches.overrides.S06.tube_multiplier,1.0,see baseline schema,User-adjustable assumption,LOW,data/sources.yaml,data/sources.yaml,,Inherited without redesign. Original provenance in baseline Sources & assumptions and data/sources.yaml; no new NVL72 validation claimed.
baseline.branches.overrides.S06.coldplate_K,20000000.0,see baseline schema,User-adjustable assumption,LOW,data/sources.yaml,data/sources.yaml,,Inherited without redesign. Original provenance in baseline Sources & assumptions and data/sources.yaml; no new NVL72 validation claimed.
baseline.branches.overrides.S06.qdc_K,5000000.0,see baseline schema,User-adjustable assumption,LOW,data/sources.yaml,data/sources.yaml,,Inherited without redesign. Original provenance in baseline Sources & assumptions and data/sources.yaml; no new NVL72 validation claimed.
baseline.branches.overrides.S06.restriction_K,0.0,see baseline schema,User-adjustable assumption,LOW,data/sources.yaml,data/sources.yaml,,Inherited without redesign. Original provenance in baseline Sources & assumptions and data/sources.yaml; no new NVL72 validation claimed.
baseline.branches.overrides.S06.orifice_diameter_m,0.0017827572707454994,see baseline schema,User-adjustable assumption,LOW,data/sources.yaml,data/sources.yaml,,Inherited without redesign. Original provenance in baseline Sources & assumptions and data/sources.yaml; no new NVL72 validation claimed.
baseline.branches.overrides.S07.diameter_m,0.006,see baseline schema,User-adjustable assumption,LOW,data/sources.yaml,data/sources.yaml,,Inherited without redesign. Original provenance in baseline Sources & assumptions and data/sources.yaml; no new NVL72 validation claimed.
baseline.branches.overrides.S07.tube_length_m,1.0,see baseline schema,User-adjustable assumption,LOW,data/sources.yaml,data/sources.yaml,,Inherited without redesign. Original provenance in baseline Sources & assumptions and data/sources.yaml; no new NVL72 validation claimed.
baseline.branches.overrides.S07.tube_multiplier,1.0,see baseline schema,User-adjustable assumption,LOW,data/sources.yaml,data/sources.yaml,,Inherited without redesign. Original provenance in baseline Sources & assumptions and data/sources.yaml; no new NVL72 validation claimed.
baseline.branches.overrides.S07.coldplate_K,20000000.0,see baseline schema,User-adjustable assumption,LOW,data/sources.yaml,data/sources.yaml,,Inherited without redesign. Original provenance in baseline Sources & assumptions and data/sources.yaml; no new NVL72 validation claimed.
baseline.branches.overrides.S07.qdc_K,5000000.0,see baseline schema,User-adjustable assumption,LOW,data/sources.yaml,data/sources.yaml,,Inherited without redesign. Original provenance in baseline Sources & assumptions and data/sources.yaml; no new NVL72 validation claimed.
baseline.branches.overrides.S07.restriction_K,0.0,see baseline schema,User-adjustable assumption,LOW,data/sources.yaml,data/sources.yaml,,Inherited without redesign. Original provenance in baseline Sources & assumptions and data/sources.yaml; no new NVL72 validation claimed.
baseline.branches.overrides.S07.orifice_diameter_m,0.0017832157654721775,see baseline schema,User-adjustable assumption,LOW,data/sources.yaml,data/sources.yaml,,Inherited without redesign. Original provenance in baseline Sources & assumptions and data/sources.yaml; no new NVL72 validation claimed.
baseline.branches.overrides.S08.diameter_m,0.006,see baseline schema,User-adjustable assumption,LOW,data/sources.yaml,data/sources.yaml,,Inherited without redesign. Original provenance in baseline Sources & assumptions and data/sources.yaml; no new NVL72 validation claimed.
baseline.branches.overrides.S08.tube_length_m,1.0,see baseline schema,User-adjustable assumption,LOW,data/sources.yaml,data/sources.yaml,,Inherited without redesign. Original provenance in baseline Sources & assumptions and data/sources.yaml; no new NVL72 validation claimed.
baseline.branches.overrides.S08.tube_multiplier,1.0,see baseline schema,User-adjustable assumption,LOW,data/sources.yaml,data/sources.yaml,,Inherited without redesign. Original provenance in baseline Sources & assumptions and data/sources.yaml; no new NVL72 validation claimed.
baseline.branches.overrides.S08.coldplate_K,20000000.0,see baseline schema,User-adjustable assumption,LOW,data/sources.yaml,data/sources.yaml,,Inherited without redesign. Original provenance in baseline Sources & assumptions and data/sources.yaml; no new NVL72 validation claimed.
baseline.branches.overrides.S08.qdc_K,5000000.0,see baseline schema,User-adjustable assumption,LOW,data/sources.yaml,data/sources.yaml,,Inherited without redesign. Original provenance in baseline Sources & assumptions and data/sources.yaml; no new NVL72 validation claimed.
baseline.branches.overrides.S08.restriction_K,0.0,see baseline schema,User-adjustable assumption,LOW,data/sources.yaml,data/sources.yaml,,Inherited without redesign. Original provenance in baseline Sources & assumptions and data/sources.yaml; no new NVL72 validation claimed.
baseline.branches.overrides.S08.orifice_diameter_m,0.0017836564441354,see baseline schema,User-adjustable assumption,LOW,data/sources.yaml,data/sources.yaml,,Inherited without redesign. Original provenance in baseline Sources & assumptions and data/sources.yaml; no new NVL72 validation claimed.
baseline.branches.overrides.S09.diameter_m,0.006,see baseline schema,User-adjustable assumption,LOW,data/sources.yaml,data/sources.yaml,,Inherited without redesign. Original provenance in baseline Sources & assumptions and data/sources.yaml; no new NVL72 validation claimed.
baseline.branches.overrides.S09.tube_length_m,1.0,see baseline schema,User-adjustable assumption,LOW,data/sources.yaml,data/sources.yaml,,Inherited without redesign. Original provenance in baseline Sources & assumptions and data/sources.yaml; no new NVL72 validation claimed.
baseline.branches.overrides.S09.tube_multiplier,1.0,see baseline schema,User-adjustable assumption,LOW,data/sources.yaml,data/sources.yaml,,Inherited without redesign. Original provenance in baseline Sources & assumptions and data/sources.yaml; no new NVL72 validation claimed.
baseline.branches.overrides.S09.coldplate_K,20000000.0,see baseline schema,User-adjustable assumption,LOW,data/sources.yaml,data/sources.yaml,,Inherited without redesign. Original provenance in baseline Sources & assumptions and data/sources.yaml; no new NVL72 validation claimed.
baseline.branches.overrides.S09.qdc_K,5000000.0,see baseline schema,User-adjustable assumption,LOW,data/sources.yaml,data/sources.yaml,,Inherited without redesign. Original provenance in baseline Sources & assumptions and data/sources.yaml; no new NVL72 validation claimed.
baseline.branches.overrides.S09.restriction_K,0.0,see baseline schema,User-adjustable assumption,LOW,data/sources.yaml,data/sources.yaml,,Inherited without redesign. Original provenance in baseline Sources & assumptions and data/sources.yaml; no new NVL72 validation claimed.
baseline.branches.overrides.S09.orifice_diameter_m,0.0017840796227099637,see baseline schema,User-adjustable assumption,LOW,data/sources.yaml,data/sources.yaml,,Inherited without redesign. Original provenance in baseline Sources & assumptions and data/sources.yaml; no new NVL72 validation claimed.
baseline.branches.overrides.C10.diameter_m,0.008,see baseline schema,User-adjustable assumption,LOW,data/sources.yaml,data/sources.yaml,,Inherited without redesign. Original provenance in baseline Sources & assumptions and data/sources.yaml; no new NVL72 validation claimed.
baseline.branches.overrides.C10.tube_length_m,1.5,see baseline schema,User-adjustable assumption,LOW,data/sources.yaml,data/sources.yaml,,Inherited without redesign. Original provenance in baseline Sources & assumptions and data/sources.yaml; no new NVL72 validation claimed.
baseline.branches.overrides.C10.tube_multiplier,1.0,see baseline schema,User-adjustable assumption,LOW,data/sources.yaml,data/sources.yaml,,Inherited without redesign. Original provenance in baseline Sources & assumptions and data/sources.yaml; no new NVL72 validation claimed.
baseline.branches.overrides.C10.coldplate_K,5500000.0,see baseline schema,User-adjustable assumption,LOW,data/sources.yaml,data/sources.yaml,,Inherited without redesign. Original provenance in baseline Sources & assumptions and data/sources.yaml; no new NVL72 validation claimed.
baseline.branches.overrides.C10.qdc_K,2300000.0,see baseline schema,User-adjustable assumption,LOW,data/sources.yaml,data/sources.yaml,,Inherited without redesign. Original provenance in baseline Sources & assumptions and data/sources.yaml; no new NVL72 validation claimed.
baseline.branches.overrides.C10.restriction_K,0.0,see baseline schema,User-adjustable assumption,LOW,data/sources.yaml,data/sources.yaml,,Inherited without redesign. Original provenance in baseline Sources & assumptions and data/sources.yaml; no new NVL72 validation claimed.
baseline.branches.overrides.C10.orifice_diameter_m,0.007474679259856348,see baseline schema,User-adjustable assumption,LOW,data/sources.yaml,data/sources.yaml,,Inherited without redesign. Original provenance in baseline Sources & assumptions and data/sources.yaml; no new NVL72 validation claimed.
baseline.branches.overrides.C11.diameter_m,0.008,see baseline schema,User-adjustable assumption,LOW,data/sources.yaml,data/sources.yaml,,Inherited without redesign. Original provenance in baseline Sources & assumptions and data/sources.yaml; no new NVL72 validation claimed.
baseline.branches.overrides.C11.tube_length_m,1.5,see baseline schema,User-adjustable assumption,LOW,data/sources.yaml,data/sources.yaml,,Inherited without redesign. Original provenance in baseline Sources & assumptions and data/sources.yaml; no new NVL72 validation claimed.
baseline.branches.overrides.C11.tube_multiplier,1.0,see baseline schema,User-adjustable assumption,LOW,data/sources.yaml,data/sources.yaml,,Inherited without redesign. Original provenance in baseline Sources & assumptions and data/sources.yaml; no new NVL72 validation claimed.
baseline.branches.overrides.C11.coldplate_K,5500000.0,see baseline schema,User-adjustable assumption,LOW,data/sources.yaml,data/sources.yaml,,Inherited without redesign. Original provenance in baseline Sources & assumptions and data/sources.yaml; no new NVL72 validation claimed.
baseline.branches.overrides.C11.qdc_K,2300000.0,see baseline schema,User-adjustable assumption,LOW,data/sources.yaml,data/sources.yaml,,Inherited without redesign. Original provenance in baseline Sources & assumptions and data/sources.yaml; no new NVL72 validation claimed.
baseline.branches.overrides.C11.restriction_K,0.0,see baseline schema,User-adjustable assumption,LOW,data/sources.yaml,data/sources.yaml,,Inherited without redesign. Original provenance in baseline Sources & assumptions and data/sources.yaml; no new NVL72 validation claimed.
baseline.branches.overrides.C11.orifice_diameter_m,0.007552138554614863,see baseline schema,User-adjustable assumption,LOW,data/sources.yaml,data/sources.yaml,,Inherited without redesign. Original provenance in baseline Sources & assumptions and data/sources.yaml; no new NVL72 validation claimed.
baseline.branches.overrides.C12.diameter_m,0.008,see baseline schema,User-adjustable assumption,LOW,data/sources.yaml,data/sources.yaml,,Inherited without redesign. Original provenance in baseline Sources & assumptions and data/sources.yaml; no new NVL72 validation claimed.
baseline.branches.overrides.C12.tube_length_m,1.5,see baseline schema,User-adjustable assumption,LOW,data/sources.yaml,data/sources.yaml,,Inherited without redesign. Original provenance in baseline Sources & assumptions and data/sources.yaml; no new NVL72 validation claimed.
baseline.branches.overrides.C12.tube_multiplier,1.0,see baseline schema,User-adjustable assumption,LOW,data/sources.yaml,data/sources.yaml,,Inherited without redesign. Original provenance in baseline Sources & assumptions and data/sources.yaml; no new NVL72 validation claimed.
baseline.branches.overrides.C12.coldplate_K,5500000.0,see baseline schema,User-adjustable assumption,LOW,data/sources.yaml,data/sources.yaml,,Inherited without redesign. Original provenance in baseline Sources & assumptions and data/sources.yaml; no new NVL72 validation claimed.
baseline.branches.overrides.C12.qdc_K,2300000.0,see baseline schema,User-adjustable assumption,LOW,data/sources.yaml,data/sources.yaml,,Inherited without redesign. Original provenance in baseline Sources & assumptions and data/sources.yaml; no new NVL72 validation claimed.
baseline.branches.overrides.C12.restriction_K,0.0,see baseline schema,User-adjustable assumption,LOW,data/sources.yaml,data/sources.yaml,,Inherited without redesign. Original provenance in baseline Sources & assumptions and data/sources.yaml; no new NVL72 validation claimed.
baseline.branches.overrides.C12.orifice_diameter_m,0.00762558793679496,see baseline schema,User-adjustable assumption,LOW,data/sources.yaml,data/sources.yaml,,Inherited without redesign. Original provenance in baseline Sources & assumptions and data/sources.yaml; no new NVL72 validation claimed.
baseline.branches.overrides.C13.diameter_m,0.008,see baseline schema,User-adjustable assumption,LOW,data/sources.yaml,data/sources.yaml,,Inherited without redesign. Original provenance in baseline Sources & assumptions and data/sources.yaml; no new NVL72 validation claimed.
baseline.branches.overrides.C13.tube_length_m,1.5,see baseline schema,User-adjustable assumption,LOW,data/sources.yaml,data/sources.yaml,,Inherited without redesign. Original provenance in baseline Sources & assumptions and data/sources.yaml; no new NVL72 validation claimed.
baseline.branches.overrides.C13.tube_multiplier,1.0,see baseline schema,User-adjustable assumption,LOW,data/sources.yaml,data/sources.yaml,,Inherited without redesign. Original provenance in baseline Sources & assumptions and data/sources.yaml; no new NVL72 validation claimed.
baseline.branches.overrides.C13.coldplate_K,5500000.0,see baseline schema,User-adjustable assumption,LOW,data/sources.yaml,data/sources.yaml,,Inherited without redesign. Original provenance in baseline Sources & assumptions and data/sources.yaml; no new NVL72 validation claimed.
baseline.branches.overrides.C13.qdc_K,2300000.0,see baseline schema,User-adjustable assumption,LOW,data/sources.yaml,data/sources.yaml,,Inherited without redesign. Original provenance in baseline Sources & assumptions and data/sources.yaml; no new NVL72 validation claimed.
baseline.branches.overrides.C13.restriction_K,0.0,see baseline schema,User-adjustable assumption,LOW,data/sources.yaml,data/sources.yaml,,Inherited without redesign. Original provenance in baseline Sources & assumptions and data/sources.yaml; no new NVL72 validation claimed.
baseline.branches.overrides.C13.orifice_diameter_m,0.0076944697627383775,see baseline schema,User-adjustable assumption,LOW,data/sources.yaml,data/sources.yaml,,Inherited without redesign. Original provenance in baseline Sources & assumptions and data/sources.yaml; no new NVL72 validation claimed.
baseline.branches.overrides.C14.diameter_m,0.008,see baseline schema,User-adjustable assumption,LOW,data/sources.yaml,data/sources.yaml,,Inherited without redesign. Original provenance in baseline Sources & assumptions and data/sources.yaml; no new NVL72 validation claimed.
baseline.branches.overrides.C14.tube_length_m,1.5,see baseline schema,User-adjustable assumption,LOW,data/sources.yaml,data/sources.yaml,,Inherited without redesign. Original provenance in baseline Sources & assumptions and data/sources.yaml; no new NVL72 validation claimed.
baseline.branches.overrides.C14.tube_multiplier,1.0,see baseline schema,User-adjustable assumption,LOW,data/sources.yaml,data/sources.yaml,,Inherited without redesign. Original provenance in baseline Sources & assumptions and data/sources.yaml; no new NVL72 validation claimed.
baseline.branches.overrides.C14.coldplate_K,5500000.0,see baseline schema,User-adjustable assumption,LOW,data/sources.yaml,data/sources.yaml,,Inherited without redesign. Original provenance in baseline Sources & assumptions and data/sources.yaml; no new NVL72 validation claimed.
baseline.branches.overrides.C14.qdc_K,2300000.0,see baseline schema,User-adjustable assumption,LOW,data/sources.yaml,data/sources.yaml,,Inherited without redesign. Original provenance in baseline Sources & assumptions and data/sources.yaml; no new NVL72 validation claimed.
baseline.branches.overrides.C14.restriction_K,0.0,see baseline schema,User-adjustable assumption,LOW,data/sources.yaml,data/sources.yaml,,Inherited without redesign. Original provenance in baseline Sources & assumptions and data/sources.yaml; no new NVL72 validation claimed.
baseline.branches.overrides.C14.orifice_diameter_m,0.007758256671723386,see baseline schema,User-adjustable assumption,LOW,data/sources.yaml,data/sources.yaml,,Inherited without redesign. Original provenance in baseline Sources & assumptions and data/sources.yaml; no new NVL72 validation claimed.
baseline.branches.overrides.C15.diameter_m,0.008,see baseline schema,User-adjustable assumption,LOW,data/sources.yaml,data/sources.yaml,,Inherited without redesign. Original provenance in baseline Sources & assumptions and data/sources.yaml; no new NVL72 validation claimed.
baseline.branches.overrides.C15.tube_length_m,1.5,see baseline schema,User-adjustable assumption,LOW,data/sources.yaml,data/sources.yaml,,Inherited without redesign. Original provenance in baseline Sources & assumptions and data/sources.yaml; no new NVL72 validation claimed.
baseline.branches.overrides.C15.tube_multiplier,1.0,see baseline schema,User-adjustable assumption,LOW,data/sources.yaml,data/sources.yaml,,Inherited without redesign. Original provenance in baseline Sources & assumptions and data/sources.yaml; no new NVL72 validation claimed.
baseline.branches.overrides.C15.coldplate_K,5500000.0,see baseline schema,User-adjustable assumption,LOW,data/sources.yaml,data/sources.yaml,,Inherited without redesign. Original provenance in baseline Sources & assumptions and data/sources.yaml; no new NVL72 validation claimed.
baseline.branches.overrides.C15.qdc_K,2300000.0,see baseline schema,User-adjustable assumption,LOW,data/sources.yaml,data/sources.yaml,,Inherited without redesign. Original provenance in baseline Sources & assumptions and data/sources.yaml; no new NVL72 validation claimed.
baseline.branches.overrides.C15.restriction_K,0.0,see baseline schema,User-adjustable assumption,LOW,data/sources.yaml,data/sources.yaml,,Inherited without redesign. Original provenance in baseline Sources & assumptions and data/sources.yaml; no new NVL72 validation claimed.
baseline.branches.overrides.C15.orifice_diameter_m,0.007816570017088112,see baseline schema,User-adjustable assumption,LOW,data/sources.yaml,data/sources.yaml,,Inherited without redesign. Original provenance in baseline Sources & assumptions and data/sources.yaml; no new NVL72 validation claimed.
baseline.branches.overrides.C16.diameter_m,0.008,see baseline schema,User-adjustable assumption,LOW,data/sources.yaml,data/sources.yaml,,Inherited without redesign. Original provenance in baseline Sources & assumptions and data/sources.yaml; no new NVL72 validation claimed.
baseline.branches.overrides.C16.tube_length_m,1.5,see baseline schema,User-adjustable assumption,LOW,data/sources.yaml,data/sources.yaml,,Inherited without redesign. Original provenance in baseline Sources & assumptions and data/sources.yaml; no new NVL72 validation claimed.
baseline.branches.overrides.C16.tube_multiplier,1.0,see baseline schema,User-adjustable assumption,LOW,data/sources.yaml,data/sources.yaml,,Inherited without redesign. Original provenance in baseline Sources & assumptions and data/sources.yaml; no new NVL72 validation claimed.
baseline.branches.overrides.C16.coldplate_K,5500000.0,see baseline schema,User-adjustable assumption,LOW,data/sources.yaml,data/sources.yaml,,Inherited without redesign. Original provenance in baseline Sources & assumptions and data/sources.yaml; no new NVL72 validation claimed.
baseline.branches.overrides.C16.qdc_K,2300000.0,see baseline schema,User-adjustable assumption,LOW,data/sources.yaml,data/sources.yaml,,Inherited without redesign. Original provenance in baseline Sources & assumptions and data/sources.yaml; no new NVL72 validation claimed.
baseline.branches.overrides.C16.restriction_K,0.0,see baseline schema,User-adjustable assumption,LOW,data/sources.yaml,data/sources.yaml,,Inherited without redesign. Original provenance in baseline Sources & assumptions and data/sources.yaml; no new NVL72 validation claimed.
baseline.branches.overrides.C16.orifice_diameter_m,0.00786958150568617,see baseline schema,User-adjustable assumption,LOW,data/sources.yaml,data/sources.yaml,,Inherited without redesign. Original provenance in baseline Sources & assumptions and data/sources.yaml; no new NVL72 validation claimed.
baseline.branches.overrides.C17.diameter_m,0.008,see baseline schema,User-adjustable assumption,LOW,data/sources.yaml,data/sources.yaml,,Inherited without redesign. Original provenance in baseline Sources & assumptions and data/sources.yaml; no new NVL72 validation claimed.
baseline.branches.overrides.C17.tube_length_m,1.5,see baseline schema,User-adjustable assumption,LOW,data/sources.yaml,data/sources.yaml,,Inherited without redesign. Original provenance in baseline Sources & assumptions and data/sources.yaml; no new NVL72 validation claimed.
baseline.branches.overrides.C17.tube_multiplier,1.0,see baseline schema,User-adjustable assumption,LOW,data/sources.yaml,data/sources.yaml,,Inherited without redesign. Original provenance in baseline Sources & assumptions and data/sources.yaml; no new NVL72 validation claimed.
baseline.branches.overrides.C17.coldplate_K,5500000.0,see baseline schema,User-adjustable assumption,LOW,data/sources.yaml,data/sources.yaml,,Inherited without redesign. Original provenance in baseline Sources & assumptions and data/sources.yaml; no new NVL72 validation claimed.
baseline.branches.overrides.C17.qdc_K,2300000.0,see baseline schema,User-adjustable assumption,LOW,data/sources.yaml,data/sources.yaml,,Inherited without redesign. Original provenance in baseline Sources & assumptions and data/sources.yaml; no new NVL72 validation claimed.
baseline.branches.overrides.C17.restriction_K,0.0,see baseline schema,User-adjustable assumption,LOW,data/sources.yaml,data/sources.yaml,,Inherited without redesign. Original provenance in baseline Sources & assumptions and data/sources.yaml; no new NVL72 validation claimed.
baseline.branches.overrides.C17.orifice_diameter_m,0.0079197298547587,see baseline schema,User-adjustable assumption,LOW,data/sources.yaml,data/sources.yaml,,Inherited without redesign. Original provenance in baseline Sources & assumptions and data/sources.yaml; no new NVL72 validation claimed.
baseline.branches.overrides.C18.diameter_m,0.008,see baseline schema,User-adjustable assumption,LOW,data/sources.yaml,data/sources.yaml,,Inherited without redesign. Original provenance in baseline Sources & assumptions and data/sources.yaml; no new NVL72 validation claimed.
baseline.branches.overrides.C18.tube_length_m,1.5,see baseline schema,User-adjustable assumption,LOW,data/sources.yaml,data/sources.yaml,,Inherited without redesign. Original provenance in baseline Sources & assumptions and data/sources.yaml; no new NVL72 validation claimed.
baseline.branches.overrides.C18.tube_multiplier,1.0,see baseline schema,User-adjustable assumption,LOW,data/sources.yaml,data/sources.yaml,,Inherited without redesign. Original provenance in baseline Sources & assumptions and data/sources.yaml; no new NVL72 validation claimed.
baseline.branches.overrides.C18.coldplate_K,5500000.0,see baseline schema,User-adjustable assumption,LOW,data/sources.yaml,data/sources.yaml,,Inherited without redesign. Original provenance in baseline Sources & assumptions and data/sources.yaml; no new NVL72 validation claimed.
baseline.branches.overrides.C18.qdc_K,2300000.0,see baseline schema,User-adjustable assumption,LOW,data/sources.yaml,data/sources.yaml,,Inherited without redesign. Original provenance in baseline Sources & assumptions and data/sources.yaml; no new NVL72 validation claimed.
baseline.branches.overrides.C18.restriction_K,0.0,see baseline schema,User-adjustable assumption,LOW,data/sources.yaml,data/sources.yaml,,Inherited without redesign. Original provenance in baseline Sources & assumptions and data/sources.yaml; no new NVL72 validation claimed.
baseline.branches.overrides.C18.orifice_diameter_m,None,see baseline schema,User-adjustable assumption,LOW,data/sources.yaml,data/sources.yaml,,Inherited without redesign. Original provenance in baseline Sources & assumptions and data/sources.yaml; no new NVL72 validation claimed.
baseline.cdu.mode,in_rack,see baseline schema,User-adjustable assumption,LOW,data/sources.yaml,data/sources.yaml,,Inherited without redesign. Original provenance in baseline Sources & assumptions and data/sources.yaml; no new NVL72 validation claimed.
baseline.cdu.reference,Vertiv CoolChip CDU121-like,see baseline schema,User-adjustable assumption,LOW,data/sources.yaml,data/sources.yaml,,Inherited without redesign. Original provenance in baseline Sources & assumptions and data/sources.yaml; no new NVL72 validation claimed.
baseline.cdu.capacity_W,121000,see baseline schema,User-adjustable assumption,LOW,data/sources.yaml,data/sources.yaml,,Inherited without redesign. Original provenance in baseline Sources & assumptions and data/sources.yaml; no new NVL72 validation claimed.
baseline.cdu.nominal_flow_LPM,120,see baseline schema,User-adjustable assumption,LOW,data/sources.yaml,data/sources.yaml,,Inherited without redesign. Original provenance in baseline Sources & assumptions and data/sources.yaml; no new NVL72 validation claimed.
baseline.cdu.available_dp_Pa,115000,see baseline schema,User-adjustable assumption,LOW,data/sources.yaml,data/sources.yaml,,Inherited without redesign. Original provenance in baseline Sources & assumptions and data/sources.yaml; no new NVL72 validation claimed.
baseline.cdu.approach_K,4,see baseline schema,User-adjustable assumption,LOW,data/sources.yaml,data/sources.yaml,,Inherited without redesign. Original provenance in baseline Sources & assumptions and data/sources.yaml; no new NVL72 validation claimed.
baseline.cdu.shutoff_dp_Pa,160000,see baseline schema,User-adjustable assumption,LOW,data/sources.yaml,data/sources.yaml,,Inherited without redesign. Original provenance in baseline Sources & assumptions and data/sources.yaml; no new NVL72 validation claimed.
baseline.cdu.speed,1.0,see baseline schema,User-adjustable assumption,LOW,data/sources.yaml,data/sources.yaml,,Inherited without redesign. Original provenance in baseline Sources & assumptions and data/sources.yaml; no new NVL72 validation claimed.
baseline.cdu.efficiency,0.6,see baseline schema,User-adjustable assumption,LOW,data/sources.yaml,data/sources.yaml,,Inherited without redesign. Original provenance in baseline Sources & assumptions and data/sources.yaml; no new NVL72 validation claimed.
baseline.cdu.served_racks,1,see baseline schema,User-adjustable assumption,LOW,data/sources.yaml,data/sources.yaml,,Inherited without redesign. Original provenance in baseline Sources & assumptions and data/sources.yaml; no new NVL72 validation claimed.
baseline.cdu.secondary_min_C,None,see baseline schema,User-adjustable assumption,LOW,data/sources.yaml,data/sources.yaml,,Inherited without redesign. Original provenance in baseline Sources & assumptions and data/sources.yaml; no new NVL72 validation claimed.
baseline.cdu.secondary_max_C,None,see baseline schema,User-adjustable assumption,LOW,data/sources.yaml,data/sources.yaml,,Inherited without redesign. Original provenance in baseline Sources & assumptions and data/sources.yaml; no new NVL72 validation claimed.
baseline.cdu.nominal_electric_W,875,see baseline schema,User-adjustable assumption,LOW,data/sources.yaml,data/sources.yaml,,Inherited without redesign. Original provenance in baseline Sources & assumptions and data/sources.yaml; no new NVL72 validation claimed.
baseline.cdu.rating_coolant,PG25,see baseline schema,User-adjustable assumption,LOW,data/sources.yaml,data/sources.yaml,,Inherited without redesign. Original provenance in baseline Sources & assumptions and data/sources.yaml; no new NVL72 validation claimed.
baseline.cdu.rating_supply_C,40.0,see baseline schema,User-adjustable assumption,LOW,data/sources.yaml,data/sources.yaml,,Inherited without redesign. Original provenance in baseline Sources & assumptions and data/sources.yaml; no new NVL72 validation claimed.
baseline.coolant.type,PG25,see baseline schema,User-adjustable assumption,LOW,data/sources.yaml,data/sources.yaml,,Inherited without redesign. Original provenance in baseline Sources & assumptions and data/sources.yaml; no new NVL72 validation claimed.
baseline.coolant.property_file,/Users/jasonsimon/Desktop/Rack Manifold Optimization/data/coolant_properties.csv,see baseline schema,User-adjustable assumption,LOW,data/sources.yaml,data/sources.yaml,,Inherited without redesign. Original provenance in baseline Sources & assumptions and data/sources.yaml; no new NVL72 validation claimed.
baseline.coolant.viscosity_multiplier,1.0,see baseline schema,User-adjustable assumption,LOW,data/sources.yaml,data/sources.yaml,,Inherited without redesign. Original provenance in baseline Sources & assumptions and data/sources.yaml; no new NVL72 validation claimed.
baseline.facility.supply_C,36,see baseline schema,User-adjustable assumption,LOW,data/sources.yaml,data/sources.yaml,,Inherited without redesign. Original provenance in baseline Sources & assumptions and data/sources.yaml; no new NVL72 validation claimed.
baseline.facility.flow_LPM,150,see baseline schema,User-adjustable assumption,LOW,data/sources.yaml,data/sources.yaml,,Inherited without redesign. Original provenance in baseline Sources & assumptions and data/sources.yaml; no new NVL72 validation claimed.
baseline.facility.coolant,water,see baseline schema,User-adjustable assumption,LOW,data/sources.yaml,data/sources.yaml,,Inherited without redesign. Original provenance in baseline Sources & assumptions and data/sources.yaml; no new NVL72 validation claimed.
baseline.facility.max_return_C,60,see baseline schema,User-adjustable assumption,LOW,data/sources.yaml,data/sources.yaml,,Inherited without redesign. Original provenance in baseline Sources & assumptions and data/sources.yaml; no new NVL72 validation claimed.
baseline.facility.hx_model,rating_scaled,see baseline schema,User-adjustable assumption,LOW,data/sources.yaml,data/sources.yaml,,Inherited without redesign. Original provenance in baseline Sources & assumptions and data/sources.yaml; no new NVL72 validation claimed.
baseline.facility.design_deltaT_K,12.0,see baseline schema,User-adjustable assumption,LOW,data/sources.yaml,data/sources.yaml,,Inherited without redesign. Original provenance in baseline Sources & assumptions and data/sources.yaml; no new NVL72 validation claimed.
baseline.facility.minimum_hot_pinch_K,0.0,see baseline schema,User-adjustable assumption,LOW,data/sources.yaml,data/sources.yaml,,Inherited without redesign. Original provenance in baseline Sources & assumptions and data/sources.yaml; no new NVL72 validation claimed.
